-- MySQL dump 10.13  Distrib 8.0.17, for Win64 (x86_64)
--
-- Host: 127.0.0.1    Database: graduate
-- ------------------------------------------------------
-- Server version	8.0.17

/*!40101 SET @OLD_CHARACTER_SET_CLIENT=@@CHARACTER_SET_CLIENT */;
/*!40101 SET @OLD_CHARACTER_SET_RESULTS=@@CHARACTER_SET_RESULTS */;
/*!40101 SET @OLD_COLLATION_CONNECTION=@@COLLATION_CONNECTION */;
/*!50503 SET NAMES UTF8MB4 */;
/*!40103 SET @OLD_TIME_ZONE=@@TIME_ZONE */;
/*!40103 SET TIME_ZONE='+00:00' */;
/*!40014 SET @OLD_UNIQUE_CHECKS=@@UNIQUE_CHECKS, UNIQUE_CHECKS=0 */;
/*!40014 SET @OLD_FOREIGN_KEY_CHECKS=@@FOREIGN_KEY_CHECKS, FOREIGN_KEY_CHECKS=0 */;
/*!40101 SET @OLD_SQL_MODE=@@SQL_MODE, SQL_MODE='NO_AUTO_VALUE_ON_ZERO' */;
/*!40111 SET @OLD_SQL_NOTES=@@SQL_NOTES, SQL_NOTES=0 */;

--
-- Table structure for table `admin`
--

DROP TABLE IF EXISTS `admin`;
/*!40101 SET @saved_cs_client     = @@character_set_client */;
/*!50503 SET character_set_client = utf8mb4 */;
CREATE TABLE `admin` (
  `id` int(11) NOT NULL AUTO_INCREMENT,
  `username` varchar(20) CHARACTER SET utf8mb4 COLLATE utf8mb4_0900_ai_ci NOT NULL,
  `password` char(32) CHARACTER SET utf8mb4 COLLATE utf8mb4_0900_ai_ci DEFAULT NULL,
  PRIMARY KEY (`id`) USING BTREE,
  UNIQUE KEY `username` (`username`) USING BTREE
) ENGINE=InnoDB AUTO_INCREMENT=2 DEFAULT CHARSET=utf8mb4 COLLATE=utf8mb4_0900_ai_ci ROW_FORMAT=DYNAMIC;
/*!40101 SET character_set_client = @saved_cs_client */;

--
-- Dumping data for table `admin`
--

LOCK TABLES `admin` WRITE;
/*!40000 ALTER TABLE `admin` DISABLE KEYS */;
INSERT INTO `admin` VALUES (1,'admin','098F6BCD4621D373CADE4E832627B4F6');
/*!40000 ALTER TABLE `admin` ENABLE KEYS */;
UNLOCK TABLES;

--
-- Table structure for table `cart`
--

DROP TABLE IF EXISTS `cart`;
/*!40101 SET @saved_cs_client     = @@character_set_client */;
/*!50503 SET character_set_client = utf8mb4 */;
CREATE TABLE `cart` (
  `id` int(11) NOT NULL AUTO_INCREMENT,
  `c_id` int(11) DEFAULT NULL,
  `p_id` int(11) DEFAULT NULL,
  `cartNum` int(11) DEFAULT NULL,
  `state` char(1) CHARACTER SET utf8mb4 COLLATE utf8mb4_0900_ai_ci DEFAULT '1',
  PRIMARY KEY (`id`) USING BTREE
) ENGINE=InnoDB AUTO_INCREMENT=68 DEFAULT CHARSET=utf8mb4 COLLATE=utf8mb4_0900_ai_ci ROW_FORMAT=DYNAMIC;
/*!40101 SET character_set_client = @saved_cs_client */;

--
-- Dumping data for table `cart`
--

LOCK TABLES `cart` WRITE;
/*!40000 ALTER TABLE `cart` DISABLE KEYS */;
/*!40000 ALTER TABLE `cart` ENABLE KEYS */;
UNLOCK TABLES;

--
-- Table structure for table `customers`
--

DROP TABLE IF EXISTS `customers`;
/*!40101 SET @saved_cs_client     = @@character_set_client */;
/*!50503 SET character_set_client = utf8mb4 */;
CREATE TABLE `customers` (
  `id` int(11) NOT NULL AUTO_INCREMENT,
  `first_name` varchar(20) CHARACTER SET utf8mb4 COLLATE utf8mb4_0900_ai_ci DEFAULT NULL,
  `last_name` varchar(20) CHARACTER SET utf8mb4 COLLATE utf8mb4_0900_ai_ci DEFAULT NULL,
  `email` varchar(32) CHARACTER SET utf8mb4 COLLATE utf8mb4_0900_ai_ci NOT NULL,
  `phone` varchar(20) CHARACTER SET utf8mb4 COLLATE utf8mb4_0900_ai_ci DEFAULT NULL,
  `birthday` date DEFAULT NULL,
  `company` varchar(32) CHARACTER SET utf8mb4 COLLATE utf8mb4_0900_ai_ci DEFAULT NULL,
  `country` varchar(20) CHARACTER SET utf8mb4 COLLATE utf8mb4_0900_ai_ci DEFAULT NULL,
  `city` varchar(20) CHARACTER SET utf8mb4 COLLATE utf8mb4_0900_ai_ci DEFAULT NULL,
  `password` char(32) CHARACTER SET utf8mb4 COLLATE utf8mb4_0900_ai_ci NOT NULL,
  `registerTime` timestamp NULL DEFAULT NULL,
  `state` char(1) CHARACTER SET utf8mb4 COLLATE utf8mb4_0900_ai_ci DEFAULT NULL,
  `vip` char(1) CHARACTER SET utf8mb4 COLLATE utf8mb4_0900_ai_ci DEFAULT NULL,
  `subscribe` char(1) CHARACTER SET utf8mb4 COLLATE utf8mb4_0900_ai_ci DEFAULT NULL,
  PRIMARY KEY (`id`) USING BTREE,
  UNIQUE KEY `email` (`email`) USING BTREE,
  UNIQUE KEY `phone` (`phone`) USING BTREE
) ENGINE=InnoDB AUTO_INCREMENT=6 DEFAULT CHARSET=utf8mb4 COLLATE=utf8mb4_0900_ai_ci ROW_FORMAT=DYNAMIC;
/*!40101 SET character_set_client = @saved_cs_client */;

--
-- Dumping data for table `customers`
--

LOCK TABLES `customers` WRITE;
/*!40000 ALTER TABLE `customers` DISABLE KEYS */;
INSERT INTO `customers` VALUES (1,'123','广','xingxingqiao@qq.com','17861401434','2020-02-07','腾讯科技有限公司',NULL,'湖北-武汉','3A029F04D76D32E79367C4B3255DDA4D','2020-03-01 16:34:34','1','0',NULL),(2,'iaoguangtong','q','123@qq.com','18365903390','2020-01-18','百度',NULL,'北京-北京','60D2F4FE0275D790764F40ABC6734499','2005-08-12 00:38:34','1','1',NULL),(4,'123','123','hello@hello.com','12312331234','2020-02-21','',NULL,'北京-北京','202CB962AC59075B964B07152D234B70','2019-11-06 10:34:30','1','1',NULL),(5,'星星','乔','test@test.com','+17861401434','2020-02-20','阿里巴巴',NULL,'山东-聊城','3A029F04D76D32E79367C4B3255DDA4D','2017-10-31 04:34:34','1','1',NULL);
/*!40000 ALTER TABLE `customers` ENABLE KEYS */;
UNLOCK TABLES;

--
-- Table structure for table `dataoption`
--

DROP TABLE IF EXISTS `dataoption`;
/*!40101 SET @saved_cs_client     = @@character_set_client */;
/*!50503 SET character_set_client = utf8mb4 */;
CREATE TABLE `dataoption` (
  `id` int(11) NOT NULL AUTO_INCREMENT,
  `timeRecord` timestamp NULL DEFAULT NULL,
  `fileName` varchar(255) CHARACTER SET utf8mb4 COLLATE utf8mb4_0900_ai_ci DEFAULT NULL,
  `optionName` varchar(255) CHARACTER SET utf8mb4 COLLATE utf8mb4_0900_ai_ci DEFAULT NULL,
  PRIMARY KEY (`id`) USING BTREE
) ENGINE=InnoDB AUTO_INCREMENT=14 DEFAULT CHARSET=utf8mb4 COLLATE=utf8mb4_0900_ai_ci ROW_FORMAT=DYNAMIC;
/*!40101 SET character_set_client = @saved_cs_client */;

--
-- Dumping data for table `dataoption`
--

LOCK TABLES `dataoption` WRITE;
/*!40000 ALTER TABLE `dataoption` DISABLE KEYS */;
INSERT INTO `dataoption` VALUES (12,'2020-03-04 13:49:12','4e648975-1a85-441a-b3ce-99960e131d50.sql','备份'),(13,'2020-03-04 13:49:15','8cf6135b-9505-40e4-bf31-e7d2074f847e.sql','备份');
/*!40000 ALTER TABLE `dataoption` ENABLE KEYS */;
UNLOCK TABLES;

--
-- Table structure for table `kinds`
--

DROP TABLE IF EXISTS `kinds`;
/*!40101 SET @saved_cs_client     = @@character_set_client */;
/*!50503 SET character_set_client = utf8mb4 */;
CREATE TABLE `kinds` (
  `id` int(11) NOT NULL AUTO_INCREMENT,
  `k_id` int(11) DEFAULT NULL,
  `k_name` varchar(16) CHARACTER SET utf8mb4 COLLATE utf8mb4_0900_ai_ci DEFAULT NULL,
  PRIMARY KEY (`id`) USING BTREE
) ENGINE=InnoDB AUTO_INCREMENT=9 DEFAULT CHARSET=utf8mb4 COLLATE=utf8mb4_0900_ai_ci ROW_FORMAT=DYNAMIC;
/*!40101 SET character_set_client = @saved_cs_client */;

--
-- Dumping data for table `kinds`
--

LOCK TABLES `kinds` WRITE;
/*!40000 ALTER TABLE `kinds` DISABLE KEYS */;
INSERT INTO `kinds` VALUES (1,1,'体育'),(2,2,'儿童亲子'),(3,3,'展览休闲'),(4,4,'曲苑杂坛'),(5,5,'演唱会'),(6,6,'舞蹈芭蕾'),(7,7,'话剧歌剧'),(8,8,'音乐会');
/*!40000 ALTER TABLE `kinds` ENABLE KEYS */;
UNLOCK TABLES;

--
-- Table structure for table `message`
--

DROP TABLE IF EXISTS `message`;
/*!40101 SET @saved_cs_client     = @@character_set_client */;
/*!50503 SET character_set_client = utf8mb4 */;
CREATE TABLE `message` (
  `id` int(11) NOT NULL AUTO_INCREMENT,
  `c_id` int(11) DEFAULT NULL,
  `message` varchar(500) CHARACTER SET utf8mb4 COLLATE utf8mb4_0900_ai_ci DEFAULT NULL,
  `time` timestamp NULL DEFAULT NULL,
  `type` varchar(255) CHARACTER SET utf8mb4 COLLATE utf8mb4_0900_ai_ci DEFAULT NULL,
  `name` varchar(30) CHARACTER SET utf8mb4 COLLATE utf8mb4_0900_ai_ci DEFAULT NULL,
  `email` varchar(50) CHARACTER SET utf8mb4 COLLATE utf8mb4_0900_ai_ci DEFAULT NULL,
  `state` varchar(10) CHARACTER SET utf8mb4 COLLATE utf8mb4_0900_ai_ci DEFAULT NULL,
  PRIMARY KEY (`id`) USING BTREE
) ENGINE=InnoDB AUTO_INCREMENT=6 DEFAULT CHARSET=utf8mb4 COLLATE=utf8mb4_0900_ai_ci ROW_FORMAT=DYNAMIC;
/*!40101 SET character_set_client = @saved_cs_client */;

--
-- Dumping data for table `message`
--

LOCK TABLES `message` WRITE;
/*!40000 ALTER TABLE `message` DISABLE KEYS */;
INSERT INTO `message` VALUES (1,1,'我也想上天','2020-03-04 02:56:04','woxiangshangtian','乔星星','xingxingqiao@qq.com','0'),(2,1,'我也想上天','2020-03-04 02:56:33','woxiangshangtian','乔星星','xingxingqiao@qq.com','0'),(3,1,'123123','2020-03-04 03:00:29','未指定类型','乔星星','xingxingqiao@qq.com','0'),(4,1,'我上下 下下下','2020-03-04 13:37:45','123','乔星星','xingxingqiao@qq.com','1'),(5,1,'我向上天','2020-03-04 13:41:57','反馈','乔星星','1221312@qq.com','1');
/*!40000 ALTER TABLE `message` ENABLE KEYS */;
UNLOCK TABLES;

--
-- Table structure for table `orderitem`
--

DROP TABLE IF EXISTS `orderitem`;
/*!40101 SET @saved_cs_client     = @@character_set_client */;
/*!50503 SET character_set_client = utf8mb4 */;
CREATE TABLE `orderitem` (
  `id` int(11) NOT NULL AUTO_INCREMENT,
  `c_id` int(11) DEFAULT NULL,
  `p_id` int(11) DEFAULT NULL,
  `cartNum` int(11) DEFAULT NULL,
  `order_number` varchar(255) CHARACTER SET utf8mb4 COLLATE utf8mb4_0900_ai_ci DEFAULT NULL,
  PRIMARY KEY (`id`) USING BTREE
) ENGINE=InnoDB AUTO_INCREMENT=26 DEFAULT CHARSET=utf8mb4 COLLATE=utf8mb4_0900_ai_ci ROW_FORMAT=DYNAMIC;
/*!40101 SET character_set_client = @saved_cs_client */;

--
-- Dumping data for table `orderitem`
--

LOCK TABLES `orderitem` WRITE;
/*!40000 ALTER TABLE `orderitem` DISABLE KEYS */;
INSERT INTO `orderitem` VALUES (1,5,1,1,'dbc1a26c-4136-457b-8f13-4150793bd4cd'),(2,5,2,1,'dbc1a26c-4136-457b-8f13-4150793bd4cd'),(3,5,3,1,'dbc1a26c-4136-457b-8f13-4150793bd4cd'),(6,1,1,12,'54b32521-0443-447c-9acb-f09875cfa6e3'),(12,1,1,1,'f3520726-4144-41ac-acfd-5a617f6e63b4'),(15,1,6,1,'90c14c2f-6466-491d-83ab-d3275a3840eb'),(16,1,1,1,'3df33716-44a9-44ef-ad93-e1058fab3004'),(17,1,6,1,'3df33716-44a9-44ef-ad93-e1058fab3004'),(19,1,18,1,'e04384cd-27c7-42c9-b1c6-40dfc866909b'),(20,1,383,123,'5b609f15-8d2d-4b11-98dd-6c7165a75496'),(21,1,232,1,'5b609f15-8d2d-4b11-98dd-6c7165a75496'),(22,1,3,1,'613a9fc4-599b-4e50-98a2-5895b5034b20'),(23,1,4,1,'d559a01a-f764-46a9-831e-905c3bb0fa93'),(24,1,1,1,'3dd11ea7-5ebf-450e-9515-2c3da849721a'),(25,1,208,1,'3dd11ea7-5ebf-450e-9515-2c3da849721a');
/*!40000 ALTER TABLE `orderitem` ENABLE KEYS */;
UNLOCK TABLES;

--
-- Table structure for table `orders`
--

DROP TABLE IF EXISTS `orders`;
/*!40101 SET @saved_cs_client     = @@character_set_client */;
/*!50503 SET character_set_client = utf8mb4 */;
CREATE TABLE `orders` (
  `id` int(100) NOT NULL AUTO_INCREMENT,
  `c_id` int(11) DEFAULT NULL,
  `money` double(10,0) DEFAULT NULL,
  `receiverAddress` varchar(255) CHARACTER SET utf8mb4 COLLATE utf8mb4_0900_ai_ci DEFAULT NULL,
  `receiverName` varchar(255) CHARACTER SET utf8mb4 COLLATE utf8mb4_0900_ai_ci DEFAULT NULL,
  `receiverPhone` varchar(255) CHARACTER SET utf8mb4 COLLATE utf8mb4_0900_ai_ci DEFAULT NULL,
  `paystate` char(1) CHARACTER SET utf8mb4 COLLATE utf8mb4_0900_ai_ci DEFAULT NULL,
  `ordertime` timestamp NULL DEFAULT NULL,
  `order_number` varchar(255) CHARACTER SET utf8mb4 COLLATE utf8mb4_0900_ai_ci NOT NULL,
  `paymethod` varchar(255) CHARACTER SET utf8mb4 COLLATE utf8mb4_0900_ai_ci DEFAULT NULL,
  `expressmethod` varchar(255) CHARACTER SET utf8mb4 COLLATE utf8mb4_0900_ai_ci DEFAULT NULL,
  `post` varchar(255) CHARACTER SET utf8mb4 COLLATE utf8mb4_0900_ai_ci DEFAULT NULL,
  `extra` varchar(255) CHARACTER SET utf8mb4 COLLATE utf8mb4_0900_ai_ci DEFAULT NULL,
  `state` varchar(255) CHARACTER SET utf16 COLLATE utf16_general_ci DEFAULT NULL,
  PRIMARY KEY (`id`) USING BTREE
) ENGINE=InnoDB AUTO_INCREMENT=21 DEFAULT CHARSET=utf8mb4 COLLATE=utf8mb4_0900_ai_ci ROW_FORMAT=DYNAMIC;
/*!40101 SET character_set_client = @saved_cs_client */;

--
-- Dumping data for table `orders`
--

LOCK TABLES `orders` WRITE;
/*!40000 ALTER TABLE `orders` DISABLE KEYS */;
INSERT INTO `orders` VALUES (10,1,0,'山东-济南-东阿县刘集镇乔湾村2号','乔-星星','+17861401434','0','2020-02-28 02:53:23','54b32521-0443-447c-9acb-f09875cfa6e3','AliPay','yuantong','250022',' 快递备注： 在这里添加快递备注','1'),(11,1,1510,'山东-聊城-东阿县刘集镇乔湾村2号','乔-星星','+17861401434','0','2020-02-28 02:56:02','f3520726-4144-41ac-acfd-5a617f6e63b4','AliPay','yuantong','250011',' 快递备注： 在这里添加快递备注','1'),(12,1,53,'山东-济南-东阿县刘集镇乔湾村2号','乔-星星','+17861401434','0','2020-02-28 02:56:19','90c14c2f-6466-491d-83ab-d3275a3840eb','AliPay','yuantong','250011',' 快递备注： 在这里添加快递备注','1'),(13,1,850,'山东-济南-东阿县刘集镇乔湾村2号','乔-星星','+17861401434','0','2020-02-28 03:01:44','3df33716-44a9-44ef-ad93-e1058fab3004','AliPay','yuantong','250011',' 快递备注： 在这里添加快递备注','1'),(14,1,9,'山东-济南-东阿县刘集镇乔湾村2号','乔-星星','+17861401434','0','2020-02-28 03:28:47','e04384cd-27c7-42c9-b1c6-40dfc866909b','AliPay','yuantong','250011','在这里添加快递备注','1'),(16,1,10,'山东-济南-东阿县刘集镇乔湾村2号','乔-星星','+17861401434','0','2020-03-04 06:08:41','5b609f15-8d2d-4b11-98dd-6c7165a75496','AliPay','yuantong','250011','在这里添加快递备注','1'),(17,1,840,'山东-济南-东阿县刘集镇乔湾村2号','乔-星星','+17861401434','0','2020-03-04 06:09:43','64030c54-96d6-4639-bc22-59f1545d33b6','AliPay','yuantong','250011','在这里添加快递备注','1'),(18,1,367,'山东-聊城-东阿县刘集镇乔湾村2号','乔-星星','+17861401434','0','2020-03-04 13:37:05','613a9fc4-599b-4e50-98a2-5895b5034b20','AliPay','yuantong','250011','在这里添加快递备注',NULL),(19,1,314,'山东-聊城-东阿县刘集镇乔湾村2号','乔-星星','+17861401434','0','2020-03-04 13:41:12','d559a01a-f764-46a9-831e-905c3bb0fa93','AliPay','shentong','250011','在这里添加快递备注',NULL),(20,1,1259,'山东-聊城-东阿县刘集镇乔湾村2号','乔-星星','+17861401434','0','2020-03-04 13:46:09','3dd11ea7-5ebf-450e-9515-2c3da849721a','WeChatPay','shunfeng','250011','送快一些',NULL);
/*!40000 ALTER TABLE `orders` ENABLE KEYS */;
UNLOCK TABLES;

--
-- Table structure for table `products`
--

DROP TABLE IF EXISTS `products`;
/*!40101 SET @saved_cs_client     = @@character_set_client */;
/*!50503 SET character_set_client = utf8mb4 */;
CREATE TABLE `products` (
  `p_id` int(11) NOT NULL AUTO_INCREMENT,
  `p_description` varchar(255) CHARACTER SET utf8mb4 COLLATE utf8mb4_0900_ai_ci DEFAULT NULL,
  `p_category` varchar(12) CHARACTER SET utf8mb4 COLLATE utf8mb4_0900_ai_ci DEFAULT NULL,
  `p_name` varchar(255) CHARACTER SET utf8mb4 COLLATE utf8mb4_0900_ai_ci DEFAULT NULL,
  `p_price` double DEFAULT NULL,
  `P_showtime` date DEFAULT NULL,
  `p_venue` varchar(255) CHARACTER SET utf8mb4 COLLATE utf8mb4_0900_ai_ci DEFAULT NULL,
  `p_path` varchar(255) CHARACTER SET utf8mb4 COLLATE utf8mb4_0900_ai_ci DEFAULT NULL,
  `p_kind` char(1) CHARACTER SET utf8mb4 COLLATE utf8mb4_0900_ai_ci NOT NULL,
  `store` int(11) DEFAULT NULL,
  `state` varchar(255) CHARACTER SET utf8mb4 COLLATE utf8mb4_0900_ai_ci NOT NULL DEFAULT '1',
  PRIMARY KEY (`p_id`) USING BTREE
) ENGINE=InnoDB AUTO_INCREMENT=431 DEFAULT CHARSET=utf8mb4 COLLATE=utf8mb4_0900_ai_ci ROW_FORMAT=DYNAMIC;
/*!40101 SET character_set_client = @saved_cs_client */;

--
-- Dumping data for table `products`
--

LOCK TABLES `products` WRITE;
/*!40000 ALTER TABLE `products` DISABLE KEYS */;
INSERT INTO `products` VALUES (1,'这是一场精彩的表演','体育','2020中国足球协会超级联赛武汉卓尔主场年卡套票',800,'2020-04-01','武汉五环体育中心体育场','/library/upload/bace7b3d72454d3eafe661e33e2e9c0b11.jpg','1',34,'5'),(2,'none','体育','2020赛季江苏苏宁足球俱乐部全年套票',588,'2020-02-22','南京奥体中心体育场','/library/体育/2.jpg','1',2,'0'),(3,'none','体育','2020赛季重庆当代力帆足球俱乐部套票',350,'2020-02-22','重庆奥体中心体育场','/library/体育/3.jpg','1',3,'1'),(4,'none','体育','【年票】贵州恒丰足球俱乐部2020赛季中国足球甲级联赛主场赛事',299,'2020-05-30','贵阳奥体中心体育场','/library/体育/4.jpg','1',4,'1'),(5,'none','体育','2020年中国足球协会甲级联赛绿城主场（年卡）',500,'2020-02-29','湖州奥体中心体育场','/library/体育/5.jpg','1',5,'1'),(6,'none','体育','首届·中国林都伊春森林冰雪嘉年华',10,'2019-12-20','伊春梅花河山庄度假村','/library/体育/6.jpg','1',6,'1'),(7,'none','体育','18.8元秒杀4课时育华篮球活动课（16家校区可选）',18.8,'2019-08-24','河西跃动空间篮球馆','/library/体育/7.jpg','1',7,'0'),(8,'none','体育','2020欧洲杯-意大利罗马奥林匹克体育场',3800,'2020-06-12','罗马奥林匹克体育场','/library/体育/8.jpg','1',8,'1'),(9,'none','体育','2020欧洲杯-伦敦温布利球场',14800,'2020-06-14','温布利球场','/library/体育/9.jpg','1',9,'1'),(10,'none','体育','2020欧洲杯-德国慕尼黑安联球场',14700,'2020-06-16','德国慕尼黑安联球场','/library/体育/10.jpg','1',10,'1'),(11,'none','体育','2020欧洲杯-西班牙毕尔巴鄂圣马梅斯体育场',7800,'2020-06-15','西班牙毕尔巴鄂圣马梅斯体育场','/library/体育/11.jpg','1',11,'0'),(12,'none','体育','2020欧洲杯-俄罗斯圣彼得堡体育场',12300,'2020-06-13','俄罗斯圣彼得堡体育场','/library/体育/12.jpg','1',12,'1'),(13,'none','体育','2020欧洲杯-匈牙利布达佩斯普斯卡什体育场',8200,'2020-06-16','匈牙利布达佩斯普斯卡什体育场','/library/体育/13.jpg','1',13,'1'),(14,'更多的进阶训练，帮助孩子掌握更多复杂的技术动作，成熟的技术动作让孩子在比赛中更为游刃有余。','体育','全呈体育篮球培训（世博黄浦体育园）',9.9,'2018-10-10','世博黄浦体育园','/library/体育/14.jpg','1',14,'1'),(15,'none','体育','骑缘马术体验课-北京',178,'2019-04-20','北京骑缘国际马术俱乐部','/library/体育/15.jpg','1',15,'1'),(16,'全呈体育篮球培训（凯德七宝洛克公园校区）','体育','全呈体育篮球培训（凯德七宝洛克公园校区）',9.9,'2018-10-10','全呈体育凯德七宝洛克公园校区','/library/体育/16.jpg','1',16,'1'),(17,'更多的进阶训练，帮助孩子掌握更多复杂的技术动作，成熟的技术动作让孩子在比赛中更为游刃有余。','体育','全呈体育篮球培训（徐汇西岸洛克）',9.9,'2018-10-10','徐汇西岸洛克','/library/体育/17.jpg','1',17,'1'),(18,'更多的进阶训练，帮助孩子掌握更多复杂的技术动作，成熟的技术动作让孩子在比赛中更为游刃有余。','体育','全呈体育篮球培训（西乡洛克）',9.9,'2018-10-10','西乡洛克','/library/体育/18.jpg','1',18,'1'),(19,'更多的进阶训练，帮助孩子掌握更多复杂的技术动作，成熟的技术动作让孩子在比赛中更为游刃有余','体育','全呈体育篮球培训（徐汇斯波特）',9.9,'2018-10-10','徐汇斯波特','/library/体育/19.jpg','1',19,'1'),(20,'精彩演出，不容错过','体育','2020赛季青岛黄海足球俱乐部年卡',800,'2020-02-22','青岛国信体育场','/library/体育/20.jpg','1',20,'1'),(21,'夜跑2020 海口半程马拉松','体育','夜跑2020 海口半程马拉松',0,NULL,'万绿园东门','/library/体育/21.jpg','1',21,'1'),(22,'2020赛季河北华夏幸福主场比赛（普通年卡）','体育','2020赛季河北华夏幸福主场比赛（普通年卡）',380,'2020-02-20','廊坊体育场','/library/体育/22.jpg','1',22,'1'),(23,'精彩赛事','体育','君乐宝2020郑开国际马拉松赛',50,'2020-03-29','郑州郑开大道白沙服务区','/library/体育/23.jpg','1',23,'1'),(24,'none','体育','（主看台可选区）2020 FORMULA1 中国大奖赛',1260,'2020-04-17','上汽国际赛车场(上海国际赛车场)','/library/体育/24.jpg','1',24,'1'),(25,'none','体育','（副看台可选区+草地票）2020 FORMULA1 中国大奖赛',480,'2020-04-17','上汽国际赛车场(上海国际赛车场)','/library/体育/25.jpg','1',25,'1'),(26,'艺人：王嘉尔、盘尼西林','体育','2020 X GAMES世界极限运动会冬季赛 崇礼站',380,'2020-02-21','张家口市崇礼区密苑云顶乐园','/library/体育/26.jpg','1',26,'1'),(27,'none','体育','2019-2020赛季CBA联赛常规赛广东东莞银行主场比赛',100,'2020-02-02','东莞银行篮球中心(原东莞篮球中心)','/library/体育/27.jpg','1',27,'1'),(28,'none','体育','2019-2020赛季CBA联赛常规赛辽宁本钢主场比赛',50,'2020-02-28','辽宁体育馆(奥体中心西侧)','/library/体育/28.jpg','1',28,'1'),(29,'none','体育','2020 FORMULA1 中国大奖赛（学生票）',602,'2020-04-17','上汽国际赛车场(上海国际赛车场)','/library/体育/29.jpg','1',29,'1'),(30,'none','体育','2019-2020赛季CBA联赛常规赛 山西汾酒男篮散票',90,'2020-03-01','山西体育中心体育馆','/library/体育/30.jpg','1',30,'1'),(31,'none','体育','2019-2020赛季CBA常规赛浙江广厦主场比赛（常规赛）',60,'2020-03-01','浙江农林大学暨阳学院体育馆','/library/体育/31.jpg','1',31,'1'),(32,'2020海南三亚马拉松','体育','2020海南三亚马拉松',0,'2020-02-23','海南三亚美丽之冠','/library/体育/32.jpg','1',32,'1'),(33,'none','体育','【单场门票】2019-2020赛季CBA联赛深圳领航者篮球队主场赛事',50,'2020-02-07','深圳大运中心体育馆','/library/体育/33.jpg','1',33,'1'),(34,'none','体育','2019-2020赛季CBA常规赛青岛国信双星主场比赛（单场次）',100,'2020-02-23','青岛市体育中心国信体育馆','/library/体育/34.jpg','1',34,'1'),(35,'none','体育','2019-2020赛季CBA联赛常规赛南京同曦宙光主场比赛（五台山中国银联体育馆）',100,'2020-02-20','五台山中国银联体育馆','/library/体育/35.jpg','1',35,'1'),(36,'精彩赛事','体育','2020赛季河南建业足球俱乐部年卡',900,'2020-01-09','航海体育场','/library/体育/36.jpg','1',36,'1'),(37,'none','体育','2020 FORMULA1 中国大奖赛（家庭票）',1462,'2020-04-17','上汽国际赛车场(上海国际赛车场)','/library/体育/37.jpg','1',37,'1'),(38,'none','体育','2020电动方程式三亚站赛事信息',80,'2020-03-20','三亚市海棠区海棠北路与风塘路交叉口','/library/体育/38.jpg','1',38,'6'),(39,'none','体育','2019-2020赛季WCBA中国女子篮球联赛内蒙古主场赛',20,'2020-02-20','内蒙古体育馆','/library/体育/39.jpg','1',39,'1'),(40,'马拉松和半程马拉松是一项高强度的竞技运动','体育','2020沃尔沃汽车成都双遗马拉松',150,'2020-03-22','都江堰凤凰体育场','/library/体育/40.jpg','1',40,'1'),(41,'女子半程马拉松','体育','为爱奔跑--2020第二届长春玫瑰女神跑暨2020长春女子半程马拉松',38,'2020-04-12','长春伊通河生态长廊','/library/体育/41.jpg','1',41,'1'),(42,'none','体育','飞扬冰场',60,'2020-01-10','飞扬冰场','/library/体育/42.jpg','1',42,'5'),(43,'none','体育','2019-2020 CBA 中国男子篮球职业联赛福建晋江赛区',60,'2020-02-26','晋江市祖昌体育馆','/library/体育/43.jpg','1',43,'1'),(44,'2020 Snoopy Run成都站','体育','2020 Snoopy Run成都站',268,'2020-03-28','天府公园','/library/体育/44.jpg','1',44,'1'),(45,'none','体育','2019-2020赛季WCBA常规赛天津冠岚篮球主场比赛',20,'2020-02-20','葛沽体育馆','/library/体育/45.jpg','1',45,'1'),(46,'none','体育','2020年世界室内田径锦标赛',100,'2020-03-13','南京室内田径馆','/library/体育/46.jpg','1',46,'1'),(47,'玩命跑“FUN FOR YOUR LIVES”','体育','玩命跑“FUN FOR YOUR LIVES”——上海站',0,'2020-04-25','Sunland Green 森兰绿地','/library/体育/47.jpg','1',47,'1'),(48,'none','体育','2019-2020赛季CBA联赛南京同曦宙光队（五台山赛区12场套票）',344,'2020-01-03','五台山中国银联体育馆','/library/体育/48.jpg','1',48,'1'),(49,'none','儿童亲子','2020年春季巧虎大型舞台剧《什么都有专卖店》上海美琪站',120,'2020-05-30','美琪大戏院','/library/儿童亲子/1.jpg','2',49,'1'),(50,'儿童亲子','儿童亲子','正版授权大型实景舞台剧 《奥特曼：宇宙之光》',100,'2020-06-01','广州大剧院歌剧厅','/library/儿童亲子/2.jpg','2',50,'1'),(51,'none','儿童亲子','日本引进 圆谷授权 奥特曼系列全景多媒体舞台秀「父与子」',280,'2020-03-28','国家会展中心(上海)虹馆EH','/library/儿童亲子/3.jpg','2',51,'1'),(52,'none','儿童亲子','2020年春季巧虎大型舞台剧《什么都有专卖店》上海大宁站',120,'2020-04-18','上海大宁剧院','/library/儿童亲子/4.jpg','2',52,'1'),(53,'none','儿童亲子','【线上权益全国通用】大麦亲子锦鲤卡，乐享10+亲子权益',29.9,'2020-01-13','大麦网北京站','/library/儿童亲子/5.jpg','2',53,'1'),(54,'none','儿童亲子','【加场】《奥特曼·宇宙之光》正版授权超实景儿童舞台剧',120,'2020-04-11','成都国际剧院','/library/儿童亲子/6.jpg','2',54,'1'),(55,'none','儿童亲子','大型实景舞台剧 《奥特曼宇宙之光》',120,'2020-05-31','深圳保利剧院','/library/儿童亲子/7.jpg','2',55,'1'),(56,'none','儿童亲子','【广州站】大船文化·百老汇互动亲子科学剧《化学秀》中文版',180,'2020-04-11','广东艺术剧院','/library/儿童亲子/8.jpg','2',56,'1'),(57,'none','儿童亲子','《奥特曼宇宙之光》',100,'2020-05-03','宁波文化广场大剧院','/library/儿童亲子/9.jpg','2',57,'1'),(58,'none','儿童亲子','【昆明剧院 · 大剧场】儿童大型实景舞台剧《奥特曼 · 宇宙之光》',80,'2020-04-17','昆明剧院大剧场','/library/儿童亲子/10.jpg','2',58,'1'),(59,'none','儿童亲子','正版授权大型实景舞台剧《奥特曼宇宙之光》',100,'2020-05-24','佛山大剧院','/library/儿童亲子/11.jpg','2',59,'1'),(60,'none','儿童亲子','昆明梵高星空艺术馆',39.9,'2019-12-28','昆明梵高星空艺术馆','/library/儿童亲子/12.jpg','2',60,'1'),(61,'none','儿童亲子','沐澜文化·英国原版音乐剧《花格子大象艾玛》',100,'2020-05-23','江苏紫金大戏院','/library/儿童亲子/13.jpg','2',61,'1'),(62,'none','儿童亲子','2020年春季巧虎大型舞台剧《什么都有专卖店》杭州站',120,'2020-04-11','杭州剧院','/library/儿童亲子/14.jpg','2',62,'1'),(63,'none','儿童亲子','第十一届CPF广州国际宠博会一起来宠物展狂欢',30,'2020-03-06','广州琶洲国际采购中心','/library/儿童亲子/15.jpg','2',63,'1'),(64,'none','儿童亲子','亲子儿童剧《大闹天宫》',80,'2020-03-28','哈尔滨青年宫剧场','/library/儿童亲子/16.jpg','2',64,'1'),(65,'none','儿童亲子','【佛山】4月“重喜剧”《你若安好，那还得了》-北纬零度出品',80,'2020-04-25','顺德容桂文化艺术中心大剧院','/library/儿童亲子/17.jpg','2',65,'1'),(66,'none','儿童亲子','大演时代·美国原版授权科普亲子音乐剧《神奇校车·气候大挑战》',100,'2020-05-01','京杭会议中心','/library/儿童亲子/18.jpg','2',66,'1'),(67,'none','儿童亲子','猫和老鼠的莫扎特—— 古典音乐启蒙钢琴名曲趣味视听音乐会',120,'2020-05-17','星海音乐厅(交响乐演奏厅)','/library/儿童亲子/19.jpg','2',67,'1'),(68,'none','儿童亲子','南京市文化消费补贴剧目 六一嘉年华·亲子启蒙互动音乐会《动物狂欢节——音乐奇妙夜》',80,'2020-05-23','江苏荔枝大剧院','/library/儿童亲子/20.jpg','2',68,'1'),(69,'none','儿童亲子','大船文化·加拿大原版经典绘本剧 《猜猜我有多爱你》',80,'2020-05-13','天津大礼堂中剧场','/library/儿童亲子/21.jpg','2',69,'1'),(70,'none','儿童亲子','宫崎骏2020动漫视听音乐会系列—千与千寻-广州站',80,'2020-05-30','郭兰英剧院','/library/儿童亲子/22.jpg','2',0,'1'),(71,'none','儿童亲子','「英孚青少儿英语」 0元秒杀自然拼读乐学百宝箱',0,'2020-01-07','EF英孚教育','/library/儿童亲子/23.jpg','2',1,'1'),(72,'none','儿童亲子','一生必听的电影音乐——《卡农》《海上钢琴师》《教父》《汉尼拔》钢琴小提琴大提琴浪漫邂逅音乐会',120,'2020-06-26','星海音乐厅(交响乐演奏厅)','/library/儿童亲子/24.jpg','2',2,'1'),(73,'none','儿童亲子','大型恐龙主题实景童话剧《你看起来好像很好吃》',100,'2020-04-18','盛京大剧院歌剧厅','/library/儿童亲子/25.jpg','2',3,'1'),(74,'none','儿童亲子','Summer-宫崎骏•久石让经典动漫视听音乐会',100,'2020-06-05','深圳市少年宫剧场','/library/儿童亲子/26.jpg','2',4,'1'),(75,'none','儿童亲子','【南京】南京市文旅消费政府补贴剧目 大船文化·加拿大原版经典绘本剧《猜猜我有多爱你》',80,'2020-04-17','江苏紫金大戏院','/library/儿童亲子/27.jpg','2',5,'1'),(76,'none','儿童亲子','【小橙堡】浪漫经典童话剧《美女与野兽》-广州站',50,'2020-04-11','郭兰英剧院','/library/儿童亲子/28.jpg','2',6,'6'),(77,'none','儿童亲子','【小橙堡】经典成长童话《三只小猪》-合肥站',50,'2020-05-10','合肥市瑶海大剧院','/library/儿童亲子/29.jpg','2',7,'1'),(78,'none','儿童亲子','沐澜文化·英国原版音乐剧《花格子大象艾玛》',100,'2020-05-22','苏州独墅湖影剧院','/library/儿童亲子/30.jpg','2',8,'1'),(79,'none','儿童亲子','南京.3月经典互动动漫舞台剧《猫和老鼠》',120,'2020-03-21','江苏省妇女儿童活动中心奥体分部','/library/儿童亲子/31.jpg','2',9,'1'),(80,'none','儿童亲子','大船文化·趣味科学启蒙 百老汇互动亲子科学剧《物理秀》中文版',80,'2020-06-06','苏州文化艺术中心-大剧院','/library/儿童亲子/32.jpg','2',10,'1'),(81,'none','儿童亲子','正版授权大型实景舞台剧《奥特曼 · 宇宙之光》',99,'2020-04-19','遵义市大剧院歌剧厅','/library/儿童亲子/33.jpg','2',11,'1'),(82,'none','儿童亲子','北演戏剧·家庭音乐剧《故宫里的大怪兽之吻兽使命》',100,'2020-04-10','海淀剧院','/library/儿童亲子/34.jpg','2',12,'1'),(83,'none','儿童亲子','大型实景舞台剧《奥特曼·宇宙之光》 贵阳',80,'2020-04-18','贵州饭店国际会议中心(北京路)','/library/儿童亲子/35.jpg','2',13,'1'),(84,'none','儿童亲子','巴西创意儿童剧《神奇动物》',100,'2020-05-24','开心麻花·环球汇剧场','/library/儿童亲子/36.jpg','2',14,'5'),(85,'none','儿童亲子','音乐会《【万有音乐系】宫崎骏2020动漫视听音乐会系列—夏之青春》',80,'2020-06-07','大报恩寺遗址景区恩剧场','/library/儿童亲子/37.jpg','2',15,'1'),(86,'none','儿童亲子','Summer-宫崎骏•久石让经典动漫视听音乐会',80,'2020-05-16','贺绿汀音乐厅','/library/儿童亲子/38.jpg','2',16,'1'),(87,'none','儿童亲子','大船文化·加拿大原版经典绘本剧《猜猜我有多爱你》',180,'2020-04-19','苏州文化艺术中心-演艺厅','/library/儿童亲子/39.jpg','2',17,'1'),(88,'none','儿童亲子','六一节•父爱如山•原创儿童音乐剧《狮子王》',80,'2020-05-31','浙江省文化馆小剧场','/library/儿童亲子/40.jpg','2',18,'1'),(89,'none','儿童亲子','上海美术电影製片厂正版授权 经典体验式儿童剧《黑猫警长之城市猎人》',80,'2020-05-01','黄浦剧场-中剧场','/library/儿童亲子/41.jpg','2',19,'1'),(90,'none','儿童亲子','六一节•父爱如山•原创儿童音乐剧《狮子王》',80,'2020-05-30','宁波逸夫剧院','/library/儿童亲子/42.jpg','2',20,'1'),(91,'none','儿童亲子','小顽家·英国原版音乐剧《花格子大象艾玛》 小顽家儿童戏剧出品',180,'2020-05-16','ET聚场(上海共舞台)','/library/儿童亲子/43.jpg','2',21,'1'),(92,'none','儿童亲子','大船文化·德国原版绘本启蒙交响音乐会《放屁大象吹低音号之熊猫绝密计划》',120,'2020-04-11','国图艺术中心','/library/儿童亲子/44.jpg','2',22,'1'),(93,'none','儿童亲子','【探索故宫奥秘】趣味研学之“600岁故宫深度解读”',78,'2020-02-22','故宫博物院','/library/儿童亲子/45.jpg','2',23,'1'),(94,'none','儿童亲子','励志儿童舞台剧《小红帽》',80,'2020-03-28','鱼与剧场','/library/儿童亲子/46.jpg','2',24,'1'),(95,'none','儿童亲子','正版授权大型机甲变形舞台剧《迷你特工队》（杭州站）',80,'2020-05-23','杭州剧院','/library/儿童亲子/47.jpg','2',25,'1'),(96,'none','儿童亲子','大型原创励志魔幻儿童剧《冰雪奇缘》',60,'2020-05-17','武清影剧院','/library/儿童亲子/48.jpg','2',26,'1'),(98,'艺人：五月天','展览休闲','【周边产品】五月天 Just Rock It 2020 蓝 BLUE 桃园场限定周边-全国均可快递',35,'2020-01-07','虹口足球场','/library/展览休闲/1.jpg','3',28,'1'),(99,'none','展览休闲','「限时早鸟」莫奈和印象派大师展',98,'2020-03-13','外滩壹号','/library/展览休闲/2.jpg','3',29,'1'),(100,'艺人：吴青峰','展览休闲','吴青峰*1MORE语音定制太空特别版耳机',699,'2019-12-02','梅赛德斯-奔驰文化中心','/library/展览休闲/3.jpg','3',30,'1'),(101,'none','展览休闲','《尾田荣一郎监修 Hello',0,NULL,'2020.02.22-04.19','/library/展览休闲/4.jpg','3',31,'1'),(102,'艺人：周杰伦','展览休闲','【周边产品】【周杰伦】酷炫&好听！周董同款1MORE头戴式耳机-全国均可快递',599,'2020-02-10','梅赛德斯-奔驰文化中心','/library/展览休闲/5.jpg','3',32,'1'),(103,'none','展览休闲','【早鸟特惠】拉斐尔的艺术:不可能的相遇',60,'2020-02-23','利星行文化艺术中心','/library/展览休闲/6.jpg','3',33,'1'),(104,'none','展览休闲','地心引力 西岸美术馆',0,'2019-12-07','西岸美术馆','/library/展览休闲/7.jpg','3',34,'1'),(105,'艺人：周杰伦','展览休闲','【周边产品】【周杰伦】周董同款1MORE主动真无线降噪耳机-全国均可快递',1299,'2020-02-10','梅赛德斯-奔驰文化中心','/library/展览休闲/8.jpg','3',35,'1'),(106,'none','展览休闲','【早鸟特惠】猫国纪——瓜几拉画猫',18,'2020-02-15','M50创意园','/library/展览休闲/9.jpg','3',36,'1'),(107,'none','展览休闲','浮生若梦：她与他的艺术人生 富邦华一银行现当代艺术项目',0,'2019-12-20','新上海国际大厦','/library/展览休闲/10.jpg','3',37,'1'),(108,'none','展览休闲','【小橙堡】国家地理经典影像大展--北京站',100,'2020-03-21','中华世纪坛','/library/展览休闲/11.jpg','3',38,'1'),(109,'none','展览休闲','西岸美术馆与蓬皮杜中心五年展陈合作项目开幕大展《时间的形态》+《观察》联票',150,'2020-02-01','西岸美术馆','/library/展览休闲/12.jpg','3',39,'1'),(110,'none','展览休闲','「幻·梦」沉浸式新媒体艺术展',49,'2020-01-16','幻艺术中心798第一空间','/library/展览休闲/13.jpg','3',40,'1'),(111,'none','展览休闲','AM GALLERY 1.0情色的平方',48,'2019-12-07','AM GALLERY','/library/展览休闲/14.jpg','3',41,'1'),(112,'none','展览休闲','上海世博会博物馆',0,'2020-01-01','上海世博会博物馆','/library/展览休闲/15.jpg','3',42,'1'),(113,'none','展览休闲','化物为境——张伟 何枫作品展',10,'2020-01-08','东莞二十一空间美术馆','/library/展览休闲/16.jpg','3',43,'1'),(114,'none','展览休闲','第二届北京宠物用品展览会',50,'2020-12-25','国家会议中心','/library/展览休闲/17.jpg','3',44,'6'),(115,'none','展览休闲','“来玩鸭”柯尔鸭主题展',40,'2019-12-28','来玩鸭柯尔鸭体验馆','/library/展览休闲/18.jpg','3',45,'1'),(116,'none','展览休闲','妖漫国风动漫电竞展',0,'2020-05-03','上海星光耀广场','/library/展览休闲/19.jpg','3',46,'1'),(117,'none','展览休闲','KARTELL LAND—致敬意大利设计70年',0,'2019-11-24','iADC设计博物馆','/library/展览休闲/20.jpg','3',47,'1'),(118,'none','展览休闲','王川 -- 并行：历史与当下',10,'2020-01-04','广州33当代艺术中心','/library/展览休闲/21.jpg','3',48,'1'),(119,'none','展览休闲','藤木病院&釜山监狱',99,'2020-01-18','藤木病院&釜山监狱南京旗舰店','/library/展览休闲/22.jpg','3',49,'1'),(120,'none','展览休闲','《治愈梵高 再见孤独》——罗依尔艺术脱口秀',80,'2020-03-23','人民大舞台','/library/展览休闲/23.jpg','3',50,'1'),(121,'none','展览休闲','【限时亲子套票】EPSON teamlab无界美术馆：teamlab Borderless Shanghai',199,'2019-12-25','teamLab无界美术馆','/library/展览休闲/24.jpg','3',51,'1'),(122,'none','展览休闲','《清明上河图3.0》数字艺术广州展',28,'2019-11-20','广州市广播电视台','/library/展览休闲/25.jpg','3',52,'1'),(123,'none','展览休闲','北京飞鸟100匠人集市1.0',20,'2020-02-22','天宁1号水晶盒子壹空间剧场','/library/展览休闲/26.jpg','3',53,'1'),(124,'none','展览休闲','【周边产品】五月天Mayday 2019 Just Rock It!!! 蓝 | BLUE-全国均可快递',45,'2019-10-25','虹口足球场','/library/展览休闲/27.jpg','3',54,'1'),(125,'none','展览休闲','觉醒—文艺复兴至二十世纪的宫廷珍宝',99,'2019-12-22','深圳市当代艺术与城市规划馆','/library/展览休闲/28.jpg','3',55,'1'),(126,'none','展览休闲','秀场·漓幻之城',35,'2019-12-25','桂林东西巷-1F','/library/展览休闲/29.jpg','3',56,'5'),(127,'none','展览休闲','北京失恋博物馆',45,'2019-11-08','王府井大街银泰in88二层南侧','/library/展览休闲/30.jpg','3',57,'1'),(128,'none','展览休闲','奇遇历险记—八位艺术家春季联展',40,'2020-02-29','高台当代艺术中心','/library/展览休闲/31.jpg','3',58,'1'),(129,'none','展览休闲','「双12特惠」敦煌秘境——宋·潮VR互动展',98,'2019-12-14','敦煌秘境宋潮VR展','/library/展览休闲/32.jpg','3',59,'1'),(130,'none','展览休闲','[春节期间不营业]莫兰迪VS基里科“双重梦境”艺术展',38,'2020-01-15','沈阳嘉里城L1-106(西门)','/library/展览休闲/33.jpg','3',60,'1'),(131,'none','展览休闲','成功之母博物馆2020—国际品牌吐槽之地',35,'2020-02-15','M50创意园 创+空间','/library/展览休闲/34.jpg','3',61,'1'),(132,'none','展览休闲','[春节期间闭馆不营业]鼎泰相声茶社',38,'2019-12-16','鼎泰茶社','/library/展览休闲/35.jpg','3',62,'1'),(133,'none','展览休闲','MAD ART FAIR/MAD 艺术博览会',60,'2020-01-02','运河外滩M栋二楼','/library/展览休闲/36.jpg','3',63,'1'),(134,'none','展览休闲','奇思妙想减压博物馆',45,'2019-11-08','王府井大街银泰in88二层南侧','/library/展览休闲/37.jpg','3',64,'1'),(135,'none','展览休闲','【周边产品】江小白YOLO青年文化节',20,'2020-12-31','厦门市巨鹏飞梦幻海岸(观音山沙滩)','/library/展览休闲/38.jpg','3',65,'1'),(136,'none','展览休闲','涅槃风光——胡军军个展',20,'2020-02-18','宝龙美术馆','/library/展览休闲/39.jpg','3',66,'1'),(137,'none','展览休闲','第二届CosGalaxy国风动漫嘉年华 暨 国风时裳洲',60,'2020-04-11','上海光大会展中心','/library/展览休闲/40.jpg','3',67,'1'),(138,'none','展览休闲','北京独角兽星空艺术馆',45,'2019-11-08','王府井大街银泰in88二层南侧','/library/展览休闲/41.jpg','3',68,'1'),(139,'none','展览休闲','「火爆开展」冰雪奇缘梦幻特展 沉浸式体验 开启一段绚丽的魔法冒险',80,'2019-12-21','上海环球港4楼演艺空间','/library/展览休闲/42.jpg','3',69,'1'),(140,'none','展览休闲','【火爆开展】三体·时空沉浸展',120,'2020-01-10','上海中心展览馆','/library/展览休闲/43.jpg','3',0,'1'),(141,'none','展览休闲','鲍勃·迪伦艺术大展 RETROSPECTRUM',78,'2019-12-30','上海艺仓美术馆(重复)','/library/展览休闲/44.jpg','3',1,'1'),(142,'none','展览休闲','上海宝龙美术馆书藏楼珍藏展',50,'2019-10-01','宝龙美术馆','/library/展览休闲/45.jpg','3',2,'1'),(143,'none','展览休闲','荷兰艺术家约瑟夫·克里班斯基亚洲首展 伊甸园之梦 Dreams of Eden: Joseph Klibansky',80,'2019-12-26','广州K11购物艺术中心','/library/展览休闲/46.jpg','3',3,'1'),(144,'none','展览休闲','「新春特惠」GOYA 即刻彼岸理想国—观念式体感实验展',98,'2020-01-01','兴业太古汇','/library/展览休闲/47.jpg','3',4,'1'),(145,'none','展览休闲','第四届今日文献展：“缝合”',40,'2019-12-13','今日美术馆','/library/展览休闲/48.jpg','3',5,'1'),(146,'none','展览休闲','大盛敦煌艺术大展-北京站',80,'2019-12-15','中华世纪坛','/library/展览休闲/49.jpg','3',6,'1'),(147,'none','展览休闲','好奇柜3魔都娃娃特展',80,'2019-10-26','朵云轩艺术中心','/library/展览休闲/50.jpg','3',7,'1'),(148,'none','展览休闲','「新春特惠」独角兽星空艺术馆 田子坊旗舰店',49,'2020-02-01','独角兽星空艺术馆(田子坊旗舰店)','/library/展览休闲/51.jpg','3',8,'1'),(149,'none','展览休闲','盛世长卷-仇英《清明上河图》真迹沉浸特展(古风穿越)',66,'2020-01-20','华润大厦艺术中心负一楼美术馆','/library/展览休闲/52.jpg','3',9,'1'),(150,'none','展览休闲','Re-睿——第58届威尼斯国际艺术双年展中国国家馆巡展',50,'2019-12-22','嘉德艺术中心','/library/展览休闲/53.jpg','3',10,'1'),(151,'none','展览休闲','【好评推荐】潮积木——乐高双认证大师NathanSawaya的艺术主张',139,'2019-12-07','油罐艺术中心','/library/展览休闲/54.jpg','3',11,'1'),(152,'none','展览休闲','AACG国风动漫游戏展',45,'2020-08-07','上海国际品牌珠宝中心','/library/展览休闲/55.jpg','3',12,'6'),(153,'艺人：严值高','曲苑杂坛','严值高全国脱口秀巡演《风月无边》哈尔滨站',100,'2020-03-28','哈尔滨国际会展体育中心环球剧场','/library/曲苑杂坛/1.jpg','4',13,'1'),(154,'none','曲苑杂坛','于魁智、李胜素领衔中国国家京剧院一团：《白蛇传·断桥》《失街亭·空城计·斩马谡》《凤还巢》《龙凤呈祥》',280,'2020-06-05','美琪大戏院','/library/曲苑杂坛/2.jpg','4',14,'1'),(155,'none','曲苑杂坛','严值高全国脱口秀巡演《风月无边》济南站',120,'2020-04-11','山东剧院','/library/曲苑杂坛/3.jpg','4',15,'1'),(156,'none','曲苑杂坛','《周末喜剧之夜》脱口秀年会趴',39,'2020-02-22','北京剧空间剧场','/library/曲苑杂坛/4.jpg','4',16,'1'),(157,'none','曲苑杂坛','白先勇青春版《牡丹亭》全本（上、中、下）',120,'2020-09-04','杭州大剧院(歌剧院)','/library/曲苑杂坛/5.jpg','4',17,'1'),(158,'none','曲苑杂坛','【杭州】2020年杭州笑海相声会馆相声大会（大华书场）',50,'2020-02-07','笑海相声会馆 (大华书场)','/library/曲苑杂坛/6.jpg','4',18,'1'),(159,'感受越剧的魅力','曲苑杂坛','上海越剧艺术传习所（上海越剧院） 越剧《西厢记》',60,'2020-04-11','东方艺术中心-歌剧厅','/library/曲苑杂坛/7.jpg','4',19,'1'),(160,'none','曲苑杂坛','独脚戏《石库门的笑声》 毛猛达 沈荣海 全新作品倾情呈现',100,'2020-03-26','中国大戏院','/library/曲苑杂坛/8.jpg','4',20,'1'),(161,'长安大戏院11月28日 2020年常秋月流派剧目展演——京剧《大保国·探皇陵·二进宫》','曲苑杂坛','长安大戏院11月28日 2020年常秋月流派剧目展演——京剧《大保国·探皇陵·二进宫》',50,'2020-11-28','长安大戏院','/library/曲苑杂坛/9.jpg','4',21,'1'),(162,'none','曲苑杂坛','南京市文旅消费政府补贴剧目--于魁智、李胜素领衔主演京剧《龙凤呈祥》',180,'2020-06-23','南京保利大剧院大剧场','/library/曲苑杂坛/10.jpg','4',22,'1'),(163,'长安大戏院6月27日 “纪念荀慧生大师诞辰120周年”—2020年常秋月流派剧目展演 京剧《勘玉钏》','曲苑杂坛','长安大戏院6月27日 “纪念荀慧生大师诞辰120周年”—2020年常秋月流派剧目展演 京剧《勘玉钏》',50,'2020-06-27','长安大戏院','/library/曲苑杂坛/11.jpg','4',23,'1'),(164,'长安大戏院5月23日 “纪念于连泉大师诞辰120周年”—2020年常秋月流派剧目展演 京剧《翠屏山》','曲苑杂坛','长安大戏院5月23日 “纪念于连泉大师诞辰120周年”—2020年常秋月流派剧目展演 京剧《翠屏山》',50,'2020-05-23','长安大戏院','/library/曲苑杂坛/12.jpg','4',24,'1'),(165,'传世经典沪剧','曲苑杂坛','上海沪剧院 传世经典沪剧《雷雨》',60,'2020-03-19','东方艺术中心-歌剧厅','/library/曲苑杂坛/13.jpg','4',25,'1'),(166,'临川四梦','曲苑杂坛','名家名剧 上昆《临川四梦》之《牡丹亭》',60,'2020-04-26','东方艺术中心-歌剧厅','/library/曲苑杂坛/14.jpg','4',26,'1'),(167,'none','曲苑杂坛','《小Xin脱口秀》-大连站',100,'2020-03-27','大连-华奇大剧院','/library/曲苑杂坛/15.jpg','4',27,'1'),(168,'张军2020“水磨新调”新昆曲音乐会','曲苑杂坛','上海张军昆曲艺术中心 “惊梦六百年”— 张军2020“水磨新调”新昆曲音乐会',80,'2020-04-03','东方艺术中心-歌剧厅','/library/曲苑杂坛/16.jpg','4',28,'5'),(169,'none','曲苑杂坛','北京喜剧中心《周日喜剧之夜》脱口秀爆笑演出巡演--成都站',60,'2020-04-12','成都艺术中心音乐厅','/library/曲苑杂坛/17.jpg','4',29,'1'),(170,'none','曲苑杂坛','《姑苏韵·贺新春》苏州评弹专场',50,'2020-03-29','中国大戏院','/library/曲苑杂坛/18.jpg','4',30,'1'),(171,'none','曲苑杂坛','【北喜脱口秀之夜】周日喜剧大会|众星云集（爆笑+幽默）线下开心专场',40,'2020-03-08','青蓝剧场','/library/曲苑杂坛/19.jpg','4',31,'1'),(172,'none','曲苑杂坛','魏春荣 邵峥领衔主演——昆曲《长生殿》',100,'2020-05-10','中国大戏院','/library/曲苑杂坛/20.jpg','4',32,'1'),(173,'none','曲苑杂坛','逗乐坊相声专场',30,'2020-03-20','涪陵大剧院','/library/曲苑杂坛/21.jpg','4',33,'1'),(174,'none','曲苑杂坛','福建京剧院 程派名剧《锁麟囊》',60,'2020-03-28','津湾大剧院','/library/曲苑杂坛/22.jpg','4',34,'1'),(175,'none','曲苑杂坛','《越美中华·如梦之约》获奖演员专场',60,'2020-04-30','中国大戏院','/library/曲苑杂坛/23.jpg','4',35,'1'),(176,'长安大戏院9月5日 2020年常秋月流派剧目展演——京剧《红鬃烈马》','曲苑杂坛','长安大戏院9月5日 2020年常秋月流派剧目展演——京剧《红鬃烈马》',50,'2020-09-05','长安大戏院','/library/曲苑杂坛/24.jpg','4',36,'1'),(177,'艺人: 王汝刚','曲苑杂坛','上海独脚戏艺术传承中心（上海市人民滑稽剧团） 大型滑稽戏《舌尖上的诱惑》',60,'2020-03-30','东方艺术中心-歌剧厅','/library/曲苑杂坛/25.jpg','4',37,'1'),(178,'锡剧《珍珠塔》','曲苑杂坛','江苏省演艺集团锡剧团 锡剧《珍珠塔》',60,'2020-03-28','东方艺术中心-歌剧厅','/library/曲苑杂坛/26.jpg','4',38,'1'),(179,'感受戏曲的魅力','曲苑杂坛','【昆曲】一脉相承·白罗衫——石小梅从艺六十周年传承专场 春风上巳天2020演出季',80,'2020-03-26','江苏紫金大戏院','/library/曲苑杂坛/27.jpg','4',39,'1'),(180,'none','曲苑杂坛','魏春荣 邵峥领衔主演——昆曲《牡丹亭》',100,'2020-05-09','中国大戏院','/library/曲苑杂坛/28.jpg','4',40,'1'),(181,'none','曲苑杂坛','南京市文旅消费政府补贴剧目国家艺术基金2019年度传播交流推广资助项目越剧《五女拜寿》巡演',64,'2020-03-20','江苏大剧院戏剧厅','/library/曲苑杂坛/29.jpg','4',41,'1'),(182,'明末，侯方域经杨龙友介绍结识李香君，两人订婚之日，侯方域题诗扇以赠香君。','曲苑杂坛','越剧《桃花扇》',60,'2020-03-21','武汉剧院','/library/曲苑杂坛/30.jpg','4',42,'1'),(183,'none','曲苑杂坛','南京市文旅消费政府补贴剧目--青衣名家王奕謌领衔主演·北京京剧院·传统京剧《西厢记》',100,'2020-05-09','南京保利大剧院大剧场','/library/曲苑杂坛/31.jpg','4',43,'1'),(184,'none','曲苑杂坛','老城隍庙里来听戏 经典越剧《红楼梦》（精选版）',50,'2020-03-01','豫·上海剧院','/library/曲苑杂坛/32.jpg','4',44,'1'),(185,'none','曲苑杂坛','《吴语话江南》评弹折子专场',50,'2020-05-02','中国大戏院','/library/曲苑杂坛/33.jpg','4',45,'1'),(186,'none','曲苑杂坛','极品相声帮（专场演出）',60,'2020-03-08','极品相声帮(南市店)','/library/曲苑杂坛/34.jpg','4',46,'1'),(187,'none','曲苑杂坛','魏春荣、邵峥领衔主演——昆曲《牡丹亭》',80,'2020-05-23','津湾大剧院','/library/曲苑杂坛/35.jpg','4',47,'1'),(188,'经典昆剧','曲苑杂坛','上海昆剧团 昆剧《临川四梦》之《紫钗记》',60,'2020-04-24','东方艺术中心-歌剧厅','/library/曲苑杂坛/36.jpg','4',48,'1'),(189,'none','曲苑杂坛','南京市文旅消费政府补贴剧目 浙江小百花越剧团《西厢记》',64,'2020-03-21','江苏大剧院戏剧厅','/library/曲苑杂坛/37.jpg','4',49,'1'),(190,'none','曲苑杂坛','周末狂欢|即兴戏剧+精品脱口秀双拼喜剧专场',40,'2020-02-22','繁星戏剧村伍剧场','/library/曲苑杂坛/38.jpg','4',50,'6'),(191,'宋江纳阎惜姣为妾，建乌龙院给她居住。阎惜姣与宋江同衙文书张文远私通，宋江有所察觉，两人大闹一场。','曲苑杂坛','长安大戏院3月29日 “纪念于连泉大师诞辰120周年”—2020年常秋月流派剧目展演 京剧《乌龙院》',50,'2020-03-29','长安大戏院','/library/曲苑杂坛/39.jpg','4',51,'1'),(192,'none','曲苑杂坛','洪顺曲艺社2020年2月份场次演出',30,'2020-02-18','洪顺曲艺社','/library/曲苑杂坛/40.jpg','4',52,'1'),(193,'精彩演出','曲苑杂坛','名家名剧 上昆《临川四梦》之《南柯梦记》',60,'2020-04-25','东方艺术中心-歌剧厅','/library/曲苑杂坛/41.jpg','4',53,'1'),(194,'none','曲苑杂坛','北京市河北梆子剧团传统大戏《龙凤呈祥》',60,'2020-03-27','津湾大剧院','/library/曲苑杂坛/42.jpg','4',54,'1'),(195,'感受传统戏剧的魅力','曲苑杂坛','第十二届东方名家名剧月开幕演出 京剧《新龙门客栈》',80,'2020-03-13','东方艺术中心-歌剧厅','/library/曲苑杂坛/43.jpg','4',55,'1'),(196,'none','曲苑杂坛','国家艺术基金2020年度传播交流推广资助项目·“古韵梅香”—昆剧《长生殿》全国巡演—株洲站',50,'2020-04-19','株洲神农大剧院','/library/曲苑杂坛/44.jpg','4',56,'1'),(197,'none','曲苑杂坛','于魁智、李胜素领衔中国国家京剧院一团：《白蛇传·断桥》《失街亭·空城计·斩马谡》《凤还巢》《龙凤呈祥》（三场连看套票专用链接）',2640,'2020-06-05','美琪大戏院','/library/曲苑杂坛/45.jpg','4',57,'1'),(198,'none','曲苑杂坛','国家艺术基金2020年度传播交流推广资助项目·“古韵梅香”—昆剧《李清照》全国巡演—株洲站',50,'2020-04-20','株洲神农大剧院','/library/曲苑杂坛/46.jpg','4',58,'1'),(199,'none','曲苑杂坛','2019哏都青年相声剧场-哏都青年相声专场演出',50,'2020-02-19','哏都青年相声剧场','/library/曲苑杂坛/47.jpg','4',59,'1'),(200,'生命之光闪耀出最后一抹余辉','曲苑杂坛','上海沪剧院 原创大型沪剧《一号机密》',60,'2020-03-18','东方艺术中心-歌剧厅','/library/曲苑杂坛/48.jpg','4',60,'1'),(201,'精彩演出','曲苑杂坛','越剧《乌衣巷》',20,'2020-03-19','武汉剧院','/library/曲苑杂坛/49.jpg','4',61,'1'),(202,'国家大剧院首届非遗艺术周：婺剧《白蛇传》《穆桂英大破天门阵》','曲苑杂坛','国家大剧院首届非遗艺术周：婺剧《白蛇传》《穆桂英大破天门阵》',100,'2020-03-03','国家大剧院-戏剧场','/library/曲苑杂坛/50.jpg','4',62,'1'),(203,'none','曲苑杂坛','中国建设银行嘉定支行--艺术普及 善建者行  “月月有戏”·京剧《西厢记》',80,'2020-04-30','上海保利大剧院-大剧场','/library/曲苑杂坛/51.jpg','4',63,'1'),(204,'精彩演出','曲苑杂坛','越剧《柳毅传书》',20,'2020-03-17','武汉剧院','/library/曲苑杂坛/52.jpg','4',64,'1'),(205,'none','曲苑杂坛','江苏省苏州昆剧院新版《玉簪记》一厦门',180,'2020-04-12','闽南大戏院-大剧场','/library/曲苑杂坛/53.jpg','4',65,'1'),(206,'none','曲苑杂坛','天津河北梆子剧院 河北梆子《宋世杰》',60,'2020-08-28','天津红旗剧院','/library/曲苑杂坛/54.jpg','4',66,'1'),(207,'none','曲苑杂坛','非遗有范儿说唱小剧场-华夏非遗馆（中原馆）',88,'2020-02-21','华夏非遗馆','/library/曲苑杂坛/55.jpg','4',67,'1'),(208,'艺人：蔡依林','演唱会','蔡依林 Ugly Beauty 2020 世界巡回演唱会佛山站',399,'2020-04-11','佛山国际体育文化演艺中心','/library/演唱会/1.jpg','5',68,'1'),(209,'艺人：刘德华','演唱会','“My Love刘德华巡回演唱会 2020”官方周边商品',295,'2020-01-11','大麦网北京站','/library/演唱会/2.jpg','5',69,'1'),(210,'艺人：杨千嬅','演唱会','My Beautiful Live 杨千嬅世界巡回演唱会-厦门站',280,'2020-04-11','厦门体育中心体育场','/library/演唱会/3.jpg','5',0,'5'),(211,'艺人：刘若英','演唱会','刘若英2020「飞行日」巡回演唱会郑州站',480,'2020-04-11','郑州奥林匹克体育中心体育馆','/library/演唱会/4.jpg','5',1,'1'),(212,'艺人：张杰','演唱会','2020张杰「未·LIVE」巡回演唱会 合肥站',280,'2020-04-11','合肥体育中心体育场','/library/演唱会/5.jpg','5',2,'1'),(213,'艺人：刘若英','演唱会','刘若英2020「飞行日」巡回演唱会-哈尔滨站',480,'2020-04-18','哈尔滨国际会展体育中心体育馆','/library/演唱会/6.jpg','5',3,'1'),(214,'艺人：陈粒','演唱会','2020陈粒“洄游”全国巡回演唱会-南京站',399,'2020-04-18','南京奥体中心体育馆','/library/演唱会/7.jpg','5',4,'1'),(215,'艺人：蔡依林','演唱会','蔡依林 Ugly Beauty 2020 世界巡回演唱会 济南站',399,'2020-04-25','济南奥体中心体育馆','/library/演唱会/8.jpg','5',5,'1'),(216,'艺人：任贤齐','演唱会','2020任贤齐【齐迹】巡回演唱会-沈阳站',399,'2020-05-23','辽宁体育馆(奥体中心西侧)','/library/演唱会/9.jpg','5',6,'1'),(217,'艺人：梁静茹','演唱会','202020当我们谈论爱情-梁静茹世界巡回演唱会太原站',399,'2020-04-11','山西体育中心体育馆','/library/演唱会/10.jpg','5',7,'1'),(218,'艺人：任贤齐','演唱会','2020任贤齐“齐迹”巡回演唱会 呼和浩特站',399,'2020-08-01','内蒙古体育馆','/library/演唱会/11.jpg','5',8,'1'),(219,'艺人：李宗盛','演唱会','2020李宗盛『有歌之年』巡回演唱会-蚌埠站',480,'2020-03-27','蚌埠市体育中心体育馆','/library/演唱会/12.jpg','5',9,'1'),(220,'艺人：张杰','演唱会','2020 张杰【未·LIVE】巡回演唱会 南宁站',280,'2020-02-29','广西体育中心体育场','/library/演唱会/13.jpg','5',10,'1'),(221,'艺人：蔡依林','演唱会','蔡依林 Ugly Beauty 2020 世界巡回演唱会 郑州站',399,'2020-04-18','郑州奥林匹克体育中心体育馆','/library/演唱会/14.jpg','5',11,'1'),(222,'艺人：杨千嬅','演唱会','My Beautiful Live 杨千嬅世界巡回演唱会-柳州站',198,'2020-03-14','柳州体育中心体育场','/library/演唱会/15.jpg','5',12,'1'),(223,'艺人：boa、Goo Goo Dolls、greyson chance、NAOTO INTI RAYMI、POTATO（组合）、ShiGGa Shay、THELIONCITYBOY、孙燕姿、蔡依林、薛之谦、田馥甄、罗志祥、蔡健雅、茄子蛋','演唱会','One Love Asia Festival 2020–新加坡',500,'2020-05-01','Bayfront Event Space','/library/演唱会/16.jpg','5',13,'1'),(224,'艺人：Nightwish','演唱会','Nightwish 夜愿乐队2020广州站演唱会',388,'2020-04-15','广州体育馆2号馆','/library/演唱会/17.jpg','5',14,'1'),(225,'none','演唱会','“共同渡过”缅怀张国荣金曲演唱会',80,'2020-04-01','广州中山纪念堂','/library/演唱会/18.jpg','5',15,'1'),(226,'艺人：DearJane','演唱会','生和堂之夜Dear Jane 摇滚的浪漫音乐会东莞站',280,'2020-03-07','东莞市影剧院','/library/演唱会/19.jpg','5',16,'1'),(227,'艺人：周子琰','演唱会','周子琰「正确人类的聚会」2020巡回演唱会 北京站',100,'2020-05-15','MAO Livehouse北京','/library/演唱会/20.jpg','5',17,'1'),(228,'艺人：手嶌葵','演唱会','~幸会~手嶌葵2020演唱会',180,'2020-05-03','南京保利大剧院大剧场','/library/演唱会/21.jpg','5',18,'6'),(229,'艺人：林奕匡','演唱会','林奕匡PhilRomantics2020巡回演唱会-顺德站',280,'2020-03-14','佛山市顺德演艺中心','/library/演唱会/22.jpg','5',19,'1'),(230,'none','演唱会','【珍珠剧场】皇后乐队致敬音乐会',150,'2020-03-07','珍珠剧场The Pearl','/library/演唱会/23.jpg','5',20,'1'),(231,'艺人：曹轩宾','演唱会','曹轩宾「我」2020年巡回演唱会 深圳站',150,'2020-09-25','深圳 HOU LIVE','/library/演唱会/24.jpg','5',21,'1'),(232,'艺人：梁心颐','演唱会','【万有音乐系】《 LARA 梁心颐 - HOME 演唱会》--杭州站',180,'2020-03-26','MAO Livehouse杭州','/library/演唱会/25.jpg','5',22,'1'),(233,'艺人：周子琰','演唱会','周子琰「正确人类的聚会」2020巡回演唱会 杭州站',100,'2020-12-04','MAO Livehouse杭州','/library/演唱会/26.jpg','5',23,'1'),(234,'艺人：周子琰','演唱会','周子琰「正确人类的聚会」2020巡回演唱会 广州站',100,'2020-06-05','MAO Livehouse广州','/library/演唱会/27.jpg','5',24,'1'),(235,'艺人：赵传','演唱会','《我是一只小小鸟》赵传全球巡回演唱会官方周边商品',79,'2019-12-19','黄龙体育中心(体育馆)','/library/演唱会/28.jpg','5',25,'1'),(236,'艺人：Madilyn Bailey','演唱会','Madilyn Bailey Tastes Like Karma Tour 2020 巡演-武汉站',380,'2020-04-08','L7 Livehouse(珞狮路南国大家)','/library/演唱会/29.jpg','5',26,'1'),(237,'none','演唱会','Greg Laswell 2020 巡演 北京站',240,'2020-03-29','MAO Livehouse北京','/library/演唱会/30.jpg','5',27,'1'),(238,'none','演唱会','[ 乐海方舟 x 刺猬现场 ] 联合呈现：“我有点紧张”新秀巡演 深圳站',200,'2020-03-06','深圳 HOU LIVE','/library/演唱会/31.jpg','5',28,'1'),(239,'艺人：H△G','演唱会','H△G魔女之拥 巡演上海站',350,'2020-03-29','MAO Livehouse上海','/library/演唱会/32.jpg','5',29,'1'),(240,'艺人：曹轩宾','演唱会','曹轩宾「我」2020年巡回演唱会 武汉站',150,'2020-09-05','L7 Livehouse(珞狮路南国大家)','/library/演唱会/33.jpg','5',30,'1'),(241,'none','演唱会','风靡爵士乐坛 Karen Souza —爵士情调女王凯伦索萨《爱的语言》演唱会',100,'2020-05-05','成都艺术中心音乐厅','/library/演唱会/34.jpg','5',31,'1'),(242,'艺人：梁心颐','演唱会','【万有音乐系】LARA 梁心颐 - HOME 演唱会--北京站',180,'2020-03-29','疆进酒·OMNI SPACE','/library/演唱会/35.jpg','5',32,'1'),(243,'艺人：Madilyn Bailey','演唱会','Madilyn Bailey Tastes Like Karma Tour 2020 巡演-长沙站',380,'2020-04-03','46LIVEHOUSE','/library/演唱会/36.jpg','5',33,'1'),(244,'艺人：曹轩宾','演唱会','曹轩宾2020「我」全国巡回演唱会 西安站',150,'2020-10-16','MAO Livehouse西安','/library/演唱会/37.jpg','5',34,'1'),(245,'艺人：梁心颐','演唱会','【万有音乐系】《 LARA 梁心颐 - HOME 演唱会》-上海站',220,'2020-03-28','MAO Livehouse上海','/library/演唱会/38.jpg','5',35,'1'),(246,'艺人：曹轩宾','演唱会','曹轩宾「我」2020年巡回演唱会 广州站',150,'2020-09-26','MAO Livehouse广州','/library/演唱会/39.jpg','5',36,'1'),(247,'艺人：西原健一郎','演唱会','【Bad News呈现】日系爵士嘻哈音乐人 西原健一郎 2019-2020 中国巡演',200,'2020-04-09','乐空间Yue Space','/library/演唱会/40.jpg','5',37,'1'),(248,'none','演唱会','[黄金时代]· 萨满＆九宝＆雪沉 · 三城联合演出 天津站',180,'2020-03-07','大麦66LiveHouse','/library/演唱会/41.jpg','5',38,'1'),(249,'艺人：CHRISTOPHER','演唱会','Christopher Nissen 2020巡演 重庆站',380,'2020-03-14','寅派动力','/library/演唱会/42.jpg','5',39,'1'),(250,'none','演唱会','风靡爵士乐坛情调女王Karen Souza凯伦索萨《Language Of Love》演唱会',100,'2020-04-30','星海音乐厅(交响乐演奏厅)','/library/演唱会/43.jpg','5',40,'1'),(251,'艺人：王齐铭','演唱会','江小白x王齐铭2020「壹銘驚人」巡演 天津站 天津 66Livehouse',200,'2020-03-06','大麦66LiveHouse','/library/演唱会/44.jpg','5',41,'1'),(252,'艺人：H△G','演唱会','【北京】H△G魔女之拥 巡演北京站',350,'2020-03-28','MAO Livehouse北京','/library/演唱会/45.jpg','5',42,'5'),(253,'none','演唱会','[ 乐海方舟 x 刺猬现场 ] 联合呈现：“我有点紧张”新秀全国巡演 杭州站',200,'2020-05-17','MAO Livehouse杭州','/library/演唱会/46.jpg','5',43,'1'),(254,'艺人：西原健一郎','演唱会','【Bad News呈现】日系爵士嘻哈音乐人 西原健一郎 2019-2020 中国巡演',200,'2020-04-10','西演LIVE·1935LIVEHOUSE','/library/演唱会/47.jpg','5',44,'1'),(255,'艺人：赤世代','演唱会','2020.5.3赤世代 I Need You 演唱会 Live In XI’AN',180,'2020-05-03','西演LIVE·光圈CLUB','/library/演唱会/48.jpg','5',45,'1'),(256,'none','演唱会','李亮节摇滚大鼓音乐会',90,'2020-03-21','天津音乐厅','/library/演唱会/49.jpg','5',46,'1'),(257,'艺人：周子琰','演唱会','周子琰「正确人类的聚会」2020巡回演唱会-武汉站',100,'2020-05-23','VOX LIVEHOUSE 武昌店','/library/演唱会/50.jpg','5',47,'1'),(258,'艺人：曹轩宾','演唱会','曹轩宾「我」2020年巡回演唱会 郑州站',150,'2020-09-06','7LIVEHOUSE','/library/演唱会/51.jpg','5',48,'1'),(259,'none','演唱会','仙羽 “悬崖的花” TOUR 2020 成都站',148,'2020-04-03','乐空间Yue Space(原正火艺术中心6号馆)','/library/演唱会/52.jpg','5',49,'1'),(260,'none','演唱会','匈牙利狂欢夜——许忠、蒂博戴与SZS 苏州交响乐团2019-20音乐季',80,'2020-05-22','苏州金鸡湖音乐厅','/library/演唱会/53.jpg','5',50,'1'),(261,'none','演唱会','2020 MR.CS 演奏会 杭州站',180,'2020-03-22','MAO Livehouse杭州','/library/演唱会/54.jpg','5',51,'1'),(262,'none','演唱会','【紫禁之巅五週年】貳伍吸菸所 「他離開以後，再也沒人懂我」武汉站',100,'2020-04-26','VOX LIVEHOUSE 武昌店','/library/演唱会/55.jpg','5',52,'1'),(263,'none','舞蹈芭蕾','胡沈员作品—现代舞剧《流浪Nomadic》2020中国巡演成都站',180,'2020-06-02','四川大剧院 大剧场','/library/舞蹈芭蕾/1.jpg','6',53,'1'),(264,'none','舞蹈芭蕾','【独家早鸟】以色列国宝级巴切瓦舞蹈团 《委内瑞拉》',80,'2020-03-26','上海国际舞蹈中心-大剧场','/library/舞蹈芭蕾/2.jpg','6',54,'1'),(265,'none','舞蹈芭蕾','胡沈员现代舞剧《流浪》·2020济南站',80,'2020-05-19','山东省会大剧院歌剧厅','/library/舞蹈芭蕾/3.jpg','6',55,'1'),(266,'none','舞蹈芭蕾','俄罗斯芭蕾国家剧院芭蕾舞《天鹅湖》',100,'2020-04-24','世纪剧院','/library/舞蹈芭蕾/4.jpg','6',56,'6'),(267,'none','舞蹈芭蕾','民族舞剧《昭君》',280,'2020-05-22','重庆国泰艺术中心剧院','/library/舞蹈芭蕾/5.jpg','6',57,'1'),(268,'none','舞蹈芭蕾','谢欣舞蹈剧场作品舞剧《未·知》领衔主演：谢欣、胡沈员、刘迦、潘宇',80,'2020-04-25','杭州剧院','/library/舞蹈芭蕾/6.jpg','6',58,'1'),(269,'none','舞蹈芭蕾','舞剧《青衣》——杭州站',80,'2020-10-24','杭州剧院','/library/舞蹈芭蕾/7.jpg','6',59,'1'),(270,'none','舞蹈芭蕾','胡沈员作品—现代舞剧《流浪 Nomadic》',100,'2020-05-08','佛山大剧院','/library/舞蹈芭蕾/8.jpg','6',60,'1'),(271,'none','舞蹈芭蕾','2020女性艺术节 舞剧《花木兰》',80,'2020-06-09','广州大剧院歌剧厅','/library/舞蹈芭蕾/9.jpg','6',61,'1'),(272,'艺人：杨丽萍','舞蹈芭蕾','杨丽萍作品大型多媒体舞台剧《平潭映象》',180,'2020-04-25','广东艺术剧院','/library/舞蹈芭蕾/10.jpg','6',62,'1'),(273,'none','舞蹈芭蕾','俄罗斯皇家芭蕾舞团《天鹅湖》',60,'2020-05-29','河南省人民会堂','/library/舞蹈芭蕾/11.jpg','6',63,'1'),(274,'none','舞蹈芭蕾','唐诗逸领衔舞剧《昭君》',280,'2020-05-15','广州大剧院歌剧厅','/library/舞蹈芭蕾/12.jpg','6',64,'1'),(275,'none','舞蹈芭蕾','西班牙塞维利亚传统经典弗拉门戈舞剧《卡门》',180,'2020-05-07','四川歌舞大剧院','/library/舞蹈芭蕾/13.jpg','6',65,'1'),(276,'none','舞蹈芭蕾','谢欣舞蹈剧场作品·谢欣、胡沈员主演舞剧《未·知》',100,'2020-04-30','南京保利大剧院大剧场','/library/舞蹈芭蕾/14.jpg','6',66,'1'),(277,'none','舞蹈芭蕾','胡沈员作品—现代舞剧《流浪Nomadic》2020中国巡演·涪陵站',50,'2020-06-04','涪陵大剧院','/library/舞蹈芭蕾/15.jpg','6',67,'1'),(278,'none','舞蹈芭蕾','【昆明剧院 · 大剧场】舞蹈风暴总冠军胡沈员现代舞剧《流浪》',199,'2020-05-13','昆明剧院大剧场','/library/舞蹈芭蕾/16.jpg','6',68,'1'),(279,'以蒙古族的辽阔、深沉勾勒内心情感起伏','舞蹈芭蕾','胡沈员现代舞作品《流浪》',280,'2020-05-21','别克·陕西大剧院-歌剧厅','/library/舞蹈芭蕾/17.jpg','6',69,'1'),(280,'none','舞蹈芭蕾','舞剧《花木兰》',100,'2020-03-21','珠海华发中演大剧院 横琴歌剧厅','/library/舞蹈芭蕾/18.jpg','6',0,'1'),(281,'none','舞蹈芭蕾','大型民族舞剧《孔子》',80,'2020-05-22','北京展览馆剧场','/library/舞蹈芭蕾/19.jpg','6',1,'1'),(282,'none','舞蹈芭蕾','俄罗斯芭蕾国家剧院芭蕾舞《灰姑娘》',100,'2020-04-28','世纪剧院','/library/舞蹈芭蕾/20.jpg','6',2,'1'),(283,'none','舞蹈芭蕾','俄罗斯芭蕾国家剧院芭蕾舞《胡桃夹子》',100,'2020-05-01','世纪剧院','/library/舞蹈芭蕾/21.jpg','6',3,'1'),(284,'none','舞蹈芭蕾','胡沈员现代舞剧《流浪》',80,'2020-05-24','甘肃大剧院','/library/舞蹈芭蕾/22.jpg','6',4,'1'),(285,'none','舞蹈芭蕾','谢欣舞蹈剧场作品《未·知 》',80,'2020-04-22','宁波文化广场大剧院','/library/舞蹈芭蕾/23.jpg','6',5,'1'),(286,'none','舞蹈芭蕾','俄罗斯皇家芭蕾舞团《天鹅湖》 贵阳',80,'2020-06-17','贵州饭店国际会议中心(北京路)','/library/舞蹈芭蕾/24.jpg','6',6,'1'),(287,'none','舞蹈芭蕾','俄罗斯芭蕾国家剧院芭蕾舞《睡美人》',100,'2020-04-30','世纪剧院','/library/舞蹈芭蕾/25.jpg','6',7,'1'),(288,'none','舞蹈芭蕾','唐诗逸领衔舞剧《昭君》',280,'2020-05-12','深圳保利剧院','/library/舞蹈芭蕾/26.jpg','6',8,'1'),(289,'none','舞蹈芭蕾','上海芭蕾舞团原创芭蕾舞剧《闪闪的红星》',180,'2020-05-15','重庆国泰艺术中心剧院','/library/舞蹈芭蕾/27.jpg','6',9,'1'),(290,'艺人：杨丽萍','舞蹈芭蕾','2020年杨丽萍大型舞剧《平潭映象》——杭州站',280,'2020-03-18','杭州大剧院(歌剧院)','/library/舞蹈芭蕾/28.jpg','6',10,'1'),(291,'none','舞蹈芭蕾','南京市文旅消费政府补贴剧目俄罗斯芭蕾国家剧院《灰姑娘》',100,'2020-05-13','南京保利大剧院大剧场','/library/舞蹈芭蕾/29.jpg','6',11,'1'),(292,'none','舞蹈芭蕾','南京市文旅消费政府补贴剧目2020年杨丽萍大型舞剧《平潭映象》--南京站',162,'2020-03-28','江苏大剧院歌剧厅','/library/舞蹈芭蕾/30.jpg','6',12,'1'),(293,'none','舞蹈芭蕾','荷兰沉浸式游戏电音舞蹈剧场 《俄罗斯方块》TETRIS Mon Amour',180,'2020-07-03','1862时尚艺术中心','/library/舞蹈芭蕾/31.jpg','6',13,'1'),(294,'none','舞蹈芭蕾','杨丽萍作品 朱凤伟主演 舞剧《春之祭》--烟台站',50,'2020-04-26','烟台大剧院','/library/舞蹈芭蕾/32.jpg','6',14,'5'),(295,'这部作品已经在立陶宛国家歌剧芭蕾舞剧院上演了近50年，见证了一代又一代儿童的成长。','舞蹈芭蕾','立陶宛国家歌剧院芭蕾舞团《白雪公主》',60,'2020-03-06','国家大剧院-歌剧院','/library/舞蹈芭蕾/33.jpg','6',15,'1'),(296,'none','舞蹈芭蕾','2020第七届城市戏剧节 马修·伯恩经典全男班芭蕾舞剧《天鹅湖》高清影像',99,'2020-04-09','南山文体中心剧院大剧院','/library/舞蹈芭蕾/34.jpg','6',16,'1'),(297,'一场不寻常的创新和激情释放的音乐会，激发出西班牙之声！','舞蹈芭蕾','《西班牙之声》 钢琴小提琴音乐会&弗拉门戈舞',80,'2020-05-10','东方艺术中心-歌剧厅','/library/舞蹈芭蕾/35.jpg','6',17,'1'),(298,'none','舞蹈芭蕾','大型民族舞剧《醒·狮》',180,'2020-04-25','重庆国泰艺术中心剧院','/library/舞蹈芭蕾/36.jpg','6',18,'1'),(299,'none','舞蹈芭蕾','阿根廷舞蹈《探戈传奇》-青岛站',38,'2020-03-08','青岛大剧院','/library/舞蹈芭蕾/37.jpg','6',19,'1'),(300,'none','舞蹈芭蕾','西班牙塞维利亚 弗拉门戈经典舞剧《卡门》',50,'2020-05-12','津湾大剧院','/library/舞蹈芭蕾/38.jpg','6',20,'1'),(301,'none','舞蹈芭蕾','2020女性艺术节大型原创舞剧《沙湾往事》',280,'2020-06-13','广州大剧院歌剧厅','/library/舞蹈芭蕾/39.jpg','6',21,'1'),(302,'none','舞蹈芭蕾','俄罗斯古典芭蕾舞剧院《天鹅湖》-重庆站',180,'2020-06-20','重庆文化宫大剧院','/library/舞蹈芭蕾/40.jpg','6',22,'1'),(303,'none','舞蹈芭蕾','广州芭蕾舞团 大型芭蕾舞剧《胡桃夹子》',80,'2020-04-11','天津大剧院歌剧厅','/library/舞蹈芭蕾/41.jpg','6',23,'1'),(304,'none','舞蹈芭蕾','第十一届中国舞蹈『荷花奖』作品-------舞剧《花木兰》一泉州站',280,'2020-04-15','泉州大剧院-歌剧厅','/library/舞蹈芭蕾/42.jpg','6',24,'6'),(305,'none','舞蹈芭蕾','陆家嘴国际信托邀您观赏2020青岛大剧院·国际艺术汇 芭蕾舞剧《敦煌》--青岛',80,'2020-06-24','青岛大剧院','/library/舞蹈芭蕾/43.jpg','6',25,'1'),(306,'none','舞蹈芭蕾','舞剧《世界》--青岛',80,'2020-05-09','青岛大剧院','/library/舞蹈芭蕾/44.jpg','6',26,'1'),(307,'none','舞蹈芭蕾','宝艺文化——经典芭蕾舞剧《天鹅湖·红色娘子军》',80,'2020-04-05','天津大礼堂大剧场','/library/舞蹈芭蕾/45.jpg','6',27,'1'),(308,'none','舞蹈芭蕾','宝艺文化——世界经典芭蕾舞剧《天鹅湖》',80,'2020-03-28','天津大礼堂大剧场','/library/舞蹈芭蕾/46.jpg','6',28,'1'),(309,'none','舞蹈芭蕾','大型民族舞剧《醒·狮》',50,'2020-04-22','涪陵大剧院','/library/舞蹈芭蕾/47.jpg','6',29,'1'),(310,'none','舞蹈芭蕾','俄罗斯凯特斯舞团 经典芭蕾舞剧《天鹅湖》亲子互动解说版',100,'2020-08-08','津湾大剧院','/library/舞蹈芭蕾/48.jpg','6',30,'1'),(311,'none','舞蹈芭蕾','阿根廷舞蹈《探戈传奇》--烟台站',50,'2020-03-26','烟台大剧院','/library/舞蹈芭蕾/49.jpg','6',31,'1'),(312,'none','舞蹈芭蕾','胡沈员作品 现代舞剧《流浪Nomadic》 2020中国巡演上海站',80,'2020-05-29','上海大宁剧院','/library/舞蹈芭蕾/50.jpg','6',32,'1'),(313,'none','舞蹈芭蕾','俄罗斯芭蕾国家剧院芭蕾舞《胡桃夹子》',100,'2020-05-09','长春国际会议中心主会场','/library/舞蹈芭蕾/51.jpg','6',33,'1'),(314,'none','舞蹈芭蕾','舞剧《永不消逝的电波》',80,'2020-05-09','上海保利大剧院-大剧场','/library/舞蹈芭蕾/52.jpg','6',34,'1'),(315,'none','舞蹈芭蕾','金星舞蹈团20周年后首部全新舞蹈作品 现代舞《擦肩而过》',80,'2020-02-28','上海国际舞蹈中心-大剧场','/library/舞蹈芭蕾/53.jpg','6',35,'1'),(316,'none','舞蹈芭蕾','世纪之约－俄罗斯国立莫伊谢耶夫模范民族舞蹈团世界甄选舞蹈之夜',280,'2020-03-03','广州大剧院歌剧厅','/library/舞蹈芭蕾/54.jpg','6',36,'1'),(317,'none','舞蹈芭蕾','舞剧《花木兰》（合作）【延期】',180,'2020-03-26','苏州文化艺术中心-大剧院','/library/舞蹈芭蕾/55.jpg','6',37,'1'),(318,'none','舞蹈芭蕾','胡沈员&阿卡什·奥德瑞现代舞新作《无径之径》',80,'2020-03-13','上海国际舞蹈中心-大剧场','/library/舞蹈芭蕾/56.jpg','6',38,'1'),(319,'none','舞蹈芭蕾','大型舞剧《倩女·幽魂》',100,'2020-04-01','佛山大剧院','/library/舞蹈芭蕾/57.jpg','6',39,'1'),(320,'艺人：魏玮','话剧歌剧','开心麻花2020爆笑舞台剧《贼想得到你》',80,'2020-03-17','海淀剧院','/library/话剧歌剧/1.jpg','7',40,'1'),(321,'艺人：魏玮','话剧歌剧','开心麻花开春重磅新戏《贼想得到你》',80,'2020-04-06','虹桥艺术中心','/library/话剧歌剧/2.jpg','7',41,'1'),(322,'艺人：郭麒麟、方旭、阎鹤祥','话剧歌剧','2020静安戏剧谷 郭麒麟主演 方旭戏剧作品《牛天赐》(预售)',100,'2020-05-06','FANCL艺术中心 艺海剧院大剧场','/library/话剧歌剧/3.jpg','7',42,'1'),(323,'none','话剧歌剧','老舍原著•郭麒麟主演 方旭戏剧作品《牛天赐》——成都站',180,'2020-05-13','四川大剧院 大剧场','/library/话剧歌剧/4.jpg','7',43,'1'),(324,'none','话剧歌剧','开心麻花爆笑舞台剧《牢友记》',80,'2020-04-21','人民大舞台','/library/话剧歌剧/5.jpg','7',44,'1'),(325,'艺人：韩雪','话剧歌剧','韩雪、刘令飞领衔主演 年度爆款音乐剧《白夜行》',280,'2020-05-29','广州大剧院歌剧厅','/library/话剧歌剧/6.jpg','7',45,'1'),(326,'none','话剧歌剧','科幻巨作《献给阿尔吉侬的花束》改编音乐剧中文版',180,'2020-05-15','天桥剧场','/library/话剧歌剧/7.jpg','7',46,'1'),(327,'none','话剧歌剧','聚橙制作|法语音乐剧《摇滚红与黑》',80,'2020-08-13','上汽上海文化广场','/library/话剧歌剧/8.jpg','7',47,'1'),(328,'none','话剧歌剧','聚橙制作 | 宫崎骏经典·暖心成长音乐剧《魔女宅急便》 上海站首演',100,'2020-05-29','人民大舞台','/library/话剧歌剧/9.jpg','7',48,'1'),(329,'none','话剧歌剧','大船文化·世界经典原版音乐剧《猫》CATS',180,'2020-06-23','杭州大剧院(歌剧院)','/library/话剧歌剧/10.jpg','7',49,'1'),(330,'none','话剧歌剧','老舍原著*郭麒麟阎鹤祥主演话剧《牛天赐》-天赐家族系列纪念周边',60,'2019-12-26','天桥艺术中心-中剧场','/library/话剧歌剧/11.jpg','7',50,'1'),(331,'三季《对话·寓言2047》正在成为一道独特的、引人思索的时代横截面。','话剧歌剧','别克出品 张艺谋导演 《对话•寓言 2047》 观念演出 • 精选集',280,'2020-04-18','上海大剧院-大剧场','/library/话剧歌剧/12.jpg','7',51,'1'),(332,'none','话剧歌剧','2020年世界经典原版音乐剧《猫》CATS',180,'2020-05-29','山东省会大剧院歌剧厅','/library/话剧歌剧/13.jpg','7',52,'1'),(333,'艺人：陈佩斯、杨立新','话剧歌剧','陈佩斯舞台喜剧《戏台》',80,'2020-09-10','上汽上海文化广场','/library/话剧歌剧/14.jpg','7',53,'1'),(334,'none','话剧歌剧','孟京辉经典戏剧作品《恋爱的犀牛》',160,'2020-05-12','蜂巢剧场','/library/话剧歌剧/15.jpg','7',54,'1'),(335,'none','话剧歌剧','南京市文旅消费政府补贴剧目 百老汇现象级原版音乐剧《来自远方》-南京站',90,'2020-05-01','江苏大剧院歌剧厅','/library/话剧歌剧/16.jpg','7',55,'1'),(336,'none','话剧歌剧','世界经典原版音乐剧《猫》CATS-深圳站',180,'2020-08-26','南山文体中心剧院大剧院','/library/话剧歌剧/17.jpg','7',56,'5'),(337,'none','话剧歌剧','南京市文旅消费政府补贴剧目2020南京戏剧节分会场·陕西人艺版话剧《白鹿原》',100,'2020-04-10','南京市文化馆大剧场','/library/话剧歌剧/18.jpg','7',57,'1'),(338,'艺人：高杨','话剧歌剧','音乐剧《第一次约会》',100,'2020-05-29','杭州剧院','/library/话剧歌剧/19.jpg','7',58,'1'),(339,'none','话剧歌剧','东野圭吾成名小说改编舞台剧《放学后》',100,'2020-03-20','保利剧院','/library/话剧歌剧/20.jpg','7',59,'1'),(340,'none','话剧歌剧','悬疑推理音乐剧《水曜日》（Black Mary Poppins中文版）',180,'2020-05-22','四川大剧院 大剧场','/library/话剧歌剧/21.jpg','7',60,'1'),(341,'艺人：孟京辉','话剧歌剧','孟京辉戏剧作品 摇滚音乐剧《空中花园谋杀案》',180,'2020-04-03','杭州剧院','/library/话剧歌剧/22.jpg','7',61,'1'),(342,'none','话剧歌剧','开心麻花爆笑舞台剧《乌龙山伯爵》',50,'2020-03-24','浙话艺术剧院','/library/话剧歌剧/23.jpg','7',62,'6'),(343,'none','话剧歌剧','开心麻花2019年度大戏《竞演州长》',80,'2020-03-17','人民大舞台','/library/话剧歌剧/24.jpg','7',63,'1'),(344,'none','话剧歌剧','聚橙制作 | 宫崎骏经典·暖心成长音乐剧《魔女宅急便》宁波站',100,'2020-06-12','宁波大剧院','/library/话剧歌剧/25.jpg','7',64,'1'),(345,'none','话剧歌剧','2020 林盛斌 “BOB‘S UP 栋笃笑” 广州站',280,'2020-03-29','广州少年宫蓓蕾剧院','/library/话剧歌剧/26.jpg','7',65,'1'),(346,'none','话剧歌剧','音乐剧《第一次约会》—广州站',100,'2020-06-12','广东艺术剧院','/library/话剧歌剧/27.jpg','7',66,'1'),(347,'none','话剧歌剧','法语音乐剧《摇滚红与黑》-成都站',199,'2020-09-11','四川大剧院 大剧场','/library/话剧歌剧/28.jpg','7',67,'1'),(348,'陕西人艺话剧《白鹿原》','话剧歌剧','陕西人艺话剧《白鹿原》',280,'2020-04-02','上海大剧院-大剧场','/library/话剧歌剧/29.jpg','7',68,'1'),(349,'none','话剧歌剧','世界经典原版音乐剧《猫》CATS-石家庄站',200,'2020-06-10','石家庄大剧院大剧场','/library/话剧歌剧/30.jpg','7',69,'1'),(350,'none','话剧歌剧','胡沈员现代舞剧《流浪》',180,'2020-05-26','杭州大剧院(歌剧院)','/library/话剧歌剧/31.jpg','7',0,'1'),(351,'艺人：李六乙、胡军、濮存昕','话剧歌剧','李六乙×胡军×濮存昕×卢芳 力献莎翁经典《哈姆雷特》',299,'2020-04-17','广州大剧院歌剧厅','/library/话剧歌剧/32.jpg','7',1,'1'),(352,'none','话剧歌剧','开心麻花高糖喜剧《恋爱吧！人类》',50,'2020-04-03','北京9剧场','/library/话剧歌剧/33.jpg','7',2,'1'),(353,'艺人：倪大红、史可','话剧歌剧','南京市文旅消费政府补贴剧目2020南京戏剧节·倪大红、史可主演·京味话剧《银锭桥》',100,'2020-06-26','南京保利大剧院大剧场','/library/话剧歌剧/34.jpg','7',3,'1'),(354,'none','话剧歌剧','法语音乐剧《摇滚红与黑》-广州站',299,'2020-08-28','广州友谊剧院','/library/话剧歌剧/35.jpg','7',4,'1'),(355,'none','话剧歌剧','2020年世界经典原版音乐剧《猫》CATS',180,'2020-07-16','天津大礼堂大剧场','/library/话剧歌剧/36.jpg','7',5,'1'),(356,'none','话剧歌剧','Mailive×大船文化 大型魔幻惊悚话剧《盗墓笔记IV：蛇沼鬼城》',180,'2020-03-20','天桥剧场','/library/话剧歌剧/37.jpg','7',6,'1'),(357,'none','话剧歌剧','英伦浪漫经典-简·奥斯汀系列《傲慢与偏见》',80,'2020-03-22','中国人民大学如论讲堂','/library/话剧歌剧/38.jpg','7',7,'1'),(358,'none','话剧歌剧','奥斯卡·王尔德唯美主义舞台剧《莎乐美》',180,'2020-04-10','美琪大戏院','/library/话剧歌剧/39.jpg','7',8,'1'),(359,'none','话剧歌剧','2020南京戏剧节·国外单元·英国黑瞳剧院·原版英文话剧《简爱》',100,'2020-06-10','南京保利大剧院大剧场','/library/话剧歌剧/40.jpg','7',9,'1'),(360,'none','话剧歌剧','阿加莎·克里斯蒂原著 话剧《无人生还》',80,'2020-06-05','天津大剧院歌剧厅','/library/话剧歌剧/41.jpg','7',10,'1'),(361,'none','话剧歌剧','开心麻花爆笑舞台剧《窗前不止明月光》一厦门站',80,'2020-05-16','厦门沧江剧院','/library/话剧歌剧/42.jpg','7',11,'1'),(362,'none','话剧歌剧','聚橙出品 | 百老汇现象级原版音乐剧《来自远方》-成都站',199,'2020-06-05','成都城市音乐厅·歌剧厅','/library/话剧歌剧/43.jpg','7',12,'1'),(363,'none','话剧歌剧','法语音乐剧《摇滚红与黑》-杭州站',199,'2020-10-02','杭州大剧院(歌剧院)','/library/话剧歌剧/44.jpg','7',13,'1'),(364,'艺人：陈佩斯、杨立新','话剧歌剧','陈佩斯、杨立新主演话剧《戏台》',280,'2020-10-31','余杭大剧院','/library/话剧歌剧/45.jpg','7',14,'1'),(365,'none','话剧歌剧','阿加莎悬疑推理名剧-话剧《谋杀启事》2020中文版',80,'2020-06-20','津湾大剧院','/library/话剧歌剧/46.jpg','7',15,'1'),(366,'none','话剧歌剧','MaiLive 孟京辉经典戏剧作品《恋爱的犀牛》武汉站',100,'2020-04-02','中南剧场大剧场','/library/话剧歌剧/47.jpg','7',16,'1'),(367,'none','话剧歌剧','世界原版经典音乐剧《猫》CATS 【2020中国“猫”年震撼回归】',80,'2020-05-15','上音歌剧院','/library/话剧歌剧/48.jpg','7',17,'1'),(368,'none','话剧歌剧','法语音乐剧《摇滚红与黑》--深圳站',299,'2020-09-03','南山文体中心剧院大剧院','/library/话剧歌剧/49.jpg','7',18,'1'),(369,'none','话剧歌剧','聚橙制作|百老汇爱情音乐轻喜剧《第一次约会》中文版',100,'2020-05-07','人民大舞台','/library/话剧歌剧/50.jpg','7',19,'1'),(370,'none','话剧歌剧','开心麻花舞台剧 《竞演州长》',100,'2020-04-25','绍兴大剧院','/library/话剧歌剧/51.jpg','7',20,'1'),(371,'none','话剧歌剧','高口碑悬疑推理音乐剧《水曜日》',180,'2020-06-12','深圳保利剧院','/library/话剧歌剧/52.jpg','7',21,'1'),(372,'none','话剧歌剧','舞台剧《繁花》第一季',180,'2020-04-01','美琪大戏院','/library/话剧歌剧/53.jpg','7',22,'1'),(373,'none','话剧歌剧','阿加莎推理名剧《谋杀启事》（A Murder is Announced） 2020中文版',150,'2020-04-16','黄浦剧场-中剧场','/library/话剧歌剧/54.jpg','7',23,'1'),(374,'none','话剧歌剧','阿加莎•克里斯蒂经典悬疑剧《无人生还》杭州站（小说结尾版）',180,'2020-06-19','杭州剧院','/library/话剧歌剧/55.jpg','7',24,'1'),(375,'none','话剧歌剧','百老汇原版音乐剧《狮子王》国际巡演北京站',299,'2020-05-22','保利剧院','/library/话剧歌剧/56.jpg','7',25,'1'),(376,'none','话剧歌剧','喜剧《蒋公的面子》',100,'2020-05-15','广东艺术剧院','/library/话剧歌剧/57.jpg','7',26,'1'),(377,'none','音乐会','爱乐之城 LALALAND——唯美浪漫经典名曲视听音乐会',50,'2020-04-30','河南省人民会堂','/library/音乐会/1.jpg','8',27,'1'),(378,'none','音乐会','火影忍者“NARUT”—二次元超人气日漫视听音乐会',50,'2020-06-20','江苏紫金大戏院','/library/音乐会/2.jpg','8',28,'5'),(379,'宫崎骏2020动漫视听音乐会系列—千与千寻','音乐会','宫崎骏2020动漫视听音乐会系列—千与千寻',80,'2020-05-24','湖北剧院','/library/音乐会/3.jpg','8',29,'1'),(380,'none','音乐会','爱乐之城 LALALAND——唯美浪漫经典名曲视听音乐会',50,'2020-03-22','北京音乐厅','/library/音乐会/4.jpg','8',30,'6'),(381,'none','音乐会','“卡农Canon In D”永恒经典名曲精选音乐会',80,'2020-03-20','星海音乐厅(交响乐演奏厅)','/library/音乐会/5.jpg','8',31,'1'),(382,'none','音乐会','“钢琴诗人”Pianoboy高至豪流行钢琴音乐会',100,'2020-05-15','星海音乐厅(交响乐演奏厅)','/library/音乐会/6.jpg','8',32,'1'),(383,'none','音乐会','爱乐之城“LA LA LAND”唯美浪漫经典名曲视听音乐会',80,'2020-05-15','贺绿汀音乐厅','/library/音乐会/7.jpg','8',33,'1'),(384,'爱乐之城“LALALAND”唯美浪漫经典名曲视听音乐会','音乐会','爱乐之城“LALALAND”唯美浪漫经典名曲视听音乐会',50,'2020-05-03','武汉剧院','/library/音乐会/8.jpg','8',34,'1'),(385,'none','音乐会','从Butter-Fly到夏目の愛してる—— 经典动漫主题曲浪漫钢琴演奏会',40,'2020-05-16','津湾大剧院','/library/音乐会/9.jpg','8',35,'1'),(386,'京剧专场','音乐会','“梨园天骄”史依弘京剧专场《锁麟囊》',180,'2020-04-29','上海大剧院-大剧场','/library/音乐会/10.jpg','8',36,'1'),(387,'none','音乐会','《王者归来&权利的游戏》超燃交响音乐会',80,'2020-04-25','成都艺术中心音乐厅','/library/音乐会/11.jpg','8',37,'1'),(388,'none','音乐会','永远的贝多芬——纪念贝多芬诞辰250周年萨尔茨堡州管乐交响乐团中国巡演',80,'2020-04-10','长沙音乐厅湘江大厅','/library/音乐会/12.jpg','8',38,'1'),(389,'“天空之城”动漫交响音乐会','音乐会','“天空之城”久石让 宫崎骏经典动漫作品交响音乐会',80,'2020-04-11','东方艺术中心-音乐厅','/library/音乐会/13.jpg','8',39,'1'),(390,'none','音乐会','【万有音乐系】《最后的莫西干人——亚历桑德罗印第安音乐品鉴会》-沈阳站',100,'2020-05-16','沈阳市文化宫大剧场','/library/音乐会/14.jpg','8',40,'1'),(391,'none','音乐会','“天籁之音”《英俊少年》德国巴伐利亚儿童合唱团音乐会',100,'2020-04-18','成都艺术中心音乐厅','/library/音乐会/15.jpg','8',41,'1'),(392,'none','音乐会','一生必听的电影音乐——《卡农》《海上钢琴师》《教父》《汉尼拔》钢琴小提琴大提琴浪漫邂逅音乐会',100,'2020-09-26','杭州剧院','/library/音乐会/16.jpg','8',42,'1'),(393,'none','音乐会','河南艺术中心2020市民音乐会系列演出 浪漫曲—列维-格里亚佐诺夫 钢琴独奏及小提琴-钢琴重奏音乐会',30,'2020-04-05','河南艺术中心音乐厅','/library/音乐会/17.jpg','8',43,'1'),(394,'none','音乐会','杭州爱乐乐团2019-2020乐季音乐会大师们的奥地利情怀',80,'2020-04-25','杭州大剧院(歌剧院)','/library/音乐会/18.jpg','8',44,'1'),(395,'none','音乐会','爱乐之城 LALALAND—唯美浪漫经典名曲视听音乐会-济南站',50,'2020-05-03','山东剧院','/library/音乐会/19.jpg','8',45,'1'),(396,'none','音乐会','菊次郎的夏天—久石让轻音乐之旅钢琴音乐会一厦门',88,'2020-05-01','厦门歌舞剧院','/library/音乐会/20.jpg','8',46,'1'),(397,'none','音乐会','柴可夫斯基三大经典《天鹅湖》《睡美人》《胡桃夹子》交响音乐会',100,'2020-03-27','北京音乐厅','/library/音乐会/21.jpg','8',47,'1'),(398,'none','音乐会','【万有音乐系】《最后的莫西干人——亚历桑德罗印第安音乐品鉴会》',100,'2020-06-03','上海商城剧院','/library/音乐会/22.jpg','8',48,'1'),(399,'none','音乐会','“卡农Canon In D”永恒经典名曲精选音乐会',80,'2020-05-16','成都艺术中心音乐厅','/library/音乐会/23.jpg','8',49,'1'),(400,'贝多芬三重奏','音乐会','陆家嘴信托荣誉呈现 2020东方市民音乐会·周末版 聆听大师：贝多芬——维也纳贝多芬三重奏音乐会',30,'2020-04-04','东方艺术中心-音乐厅','/library/音乐会/24.jpg','8',50,'1'),(401,'none','音乐会','《笑傲江湖》经典武侠影视金曲视听音乐会',80,'2020-03-27','西安人民剧院','/library/音乐会/25.jpg','8',51,'1'),(402,'none','音乐会','宫崎骏•久石让作品视听音乐会',100,'2020-05-10','杭州剧院','/library/音乐会/26.jpg','8',52,'1'),(403,'none','音乐会','耶鲁大学·威芬普夫斯 阿卡贝拉合唱团音乐会',100,'2020-03-14','成都艺术中心音乐厅','/library/音乐会/27.jpg','8',53,'1'),(404,'精彩演出','音乐会','【万有音乐系】《最后的莫西干人  亚历桑德罗印第安音乐品鉴会》',100,'2020-06-05','湖北剧院','/library/音乐会/28.jpg','8',54,'1'),(405,'none','音乐会','【万有音乐系】《最后的莫西干人——亚历桑德罗印第安音乐品鉴会》-杭州站',100,'2020-05-31','浙话艺术剧院','/library/音乐会/29.jpg','8',55,'1'),(406,'none','音乐会','《四月是你的谎言》 ——“公生”与“薰”的钢琴小提琴唯美经典音乐集',120,'2020-04-10','星海音乐厅(交响乐演奏厅)','/library/音乐会/30.jpg','8',56,'1'),(407,'none','音乐会','“不出扬州看世界”  意大利天才少女小提琴家&钢琴家组合世界经典作品音乐会',60,'2020-03-22','扬州市音乐厅','/library/音乐会/31.jpg','8',57,'1'),(408,'none','音乐会','南京市文化消费政府补贴剧目-2020欧美交响音乐季《纪念贝多芬诞辰250周年—萨尔茨堡州管乐交响乐团音乐会》',180,'2020-04-02','南京保利大剧院大剧场','/library/音乐会/32.jpg','8',58,'1'),(409,'none','音乐会','“天空之城”久石让&宫崎骏经典动漫作品视听音乐会',80,'2020-05-03','佛山市金马剧院','/library/音乐会/33.jpg','8',59,'1'),(410,'none','音乐会','“最后的莫西干人”—亚历桑德罗印第安音乐品鉴会 成都站',100,'2020-06-21','成都艺术中心音乐厅','/library/音乐会/34.jpg','8',60,'1'),(411,'none','音乐会','杭州爱乐乐团2019-2020乐季音乐会杭州与维也纳的时空对话',80,'2020-04-12','杭州大剧院(歌剧院)','/library/音乐会/35.jpg','8',61,'1'),(412,'乐队成立于2014年，创始成员为音乐剧《Alter Boyz》的专业演员，他们对90s美国男子乐队的音乐有着共同的热爱。','音乐会','“活力青春无极限”美国超级男生乐队演唱音乐会（合肥惠民）',20,'2020-04-02','安徽大剧院','/library/音乐会/36.jpg','8',62,'1'),(413,'none','音乐会','《梁祝》--中国风长笛与钢琴二重奏音乐会',26.6,'2020-04-25','汤湖戏院','/library/音乐会/37.jpg','8',63,'1'),(414,'none','音乐会','菊次郎的夏天—久石让轻音乐之旅钢琴音乐会',88,'2020-05-01','苏州昆剧院','/library/音乐会/38.jpg','8',64,'1'),(415,'为您呈现精致的音乐现场','音乐会','德国汉堡爱乐大提琴钢琴二重奏上海音乐会',80,'2020-05-24','上海交响乐团音乐厅-演艺厅','/library/音乐会/39.jpg','8',65,'1'),(416,'none','音乐会','“一生所爱”唯美动听经典名曲精选音乐会',80,'2020-05-17','成都艺术中心音乐厅','/library/音乐会/40.jpg','8',66,'1'),(417,'none','音乐会','“天空之城”久石让&宫崎骏经典动漫作品视听音乐会-珠海站',80,'2020-05-05','珠海大会堂','/library/音乐会/41.jpg','8',67,'1'),(418,'none','音乐会','宫崎骏2020动漫视听音乐会系列—千与千寻-深圳站',9.9,'2020-05-29','南山文体中心剧院小剧院','/library/音乐会/42.jpg','8',68,'6'),(419,'none','音乐会','春熙·弦内之音——迎春音乐会',88,'2020-05-16','南强街88号院剧场','/library/音乐会/43.jpg','8',69,'1'),(420,'梅派艺术','音乐会','“梨园天骄”史依弘京剧专场《花木兰》',180,'2020-04-30','上海大剧院-大剧场','/library/音乐会/44.jpg','8',0,'5'),(421,'国家著名一级指挥家','音乐会','“梁祝&黄河”经典名曲交响音乐会',80,'2020-03-14','东方艺术中心-音乐厅','/library/音乐会/45.jpg','8',1,'1'),(422,'none','音乐会','夜色钢琴曲-赵海洋钢琴专场音乐会.上海站',80,'2020-06-06','东方艺术中心-音乐厅','/library/音乐会/46.jpg','8',2,'1'),(423,'none','音乐会','2020年市民音乐会 “奔放的旋律”经典电影视听音乐会--青岛',30,'2020-06-19','青岛大剧院','/library/音乐会/47.jpg','8',3,'1'),(424,'none','音乐会','春江花月夜！大师的启蒙-古筝专场音乐会',88,'2020-05-01','苏州昆剧院','/library/音乐会/48.jpg','8',4,'1'),(425,'none','音乐会','《四月是你的谎言》 ——“公生”与“薰”的钢琴小提琴唯美经典音乐集',100,'2020-04-19','成都艺术中心音乐厅','/library/音乐会/49.jpg','8',5,'1'),(426,'none','音乐会','2020周末音乐会·纪念柴可夫斯基诞辰180周年 ·“桂冠华章”安天旭钢琴独奏音乐会',100,'2020-05-28','南京保利大剧院金色音乐厅','/library/音乐会/50.jpg','8',6,'1'),(427,'囊括了不同时期、各种题材、风格迥异的经典音乐','音乐会','《卡农Canon In D》永恒经典名曲精选音乐会',80,'2020-03-15','东方艺术中心-音乐厅','/library/音乐会/51.jpg','8',7,'1'),(428,'none','音乐会','河南艺术中心2020市民音乐会系列演出 西风国韵—中外影视经典系列国风视听音乐会',30,'2020-05-14','河南艺术中心音乐厅','/library/音乐会/52.jpg','8',8,'1'),(429,'none','音乐会','“天空之城”--久石让&宫崎骏动漫经典音乐作品演奏会',100,'2020-04-11','北京音乐厅','/library/音乐会/53.jpg','8',9,'1'),(430,'none','音乐会','“猫和老鼠的古典乐“趣味视听互动音乐会-沈阳站',80,'2020-04-18','沈阳市文化宫大剧场','/library/音乐会/54.jpg','8',10,'1');
/*!40000 ALTER TABLE `products` ENABLE KEYS */;
UNLOCK TABLES;

--
-- Table structure for table `wishlist`
--

DROP TABLE IF EXISTS `wishlist`;
/*!40101 SET @saved_cs_client     = @@character_set_client */;
/*!50503 SET character_set_client = utf8mb4 */;
CREATE TABLE `wishlist` (
  `id` int(11) NOT NULL AUTO_INCREMENT,
  `c_id` int(11) DEFAULT NULL,
  `p_id` int(11) DEFAULT NULL,
  PRIMARY KEY (`id`) USING BTREE
) ENGINE=InnoDB AUTO_INCREMENT=21 DEFAULT CHARSET=utf8mb4 COLLATE=utf8mb4_0900_ai_ci ROW_FORMAT=DYNAMIC;
/*!40101 SET character_set_client = @saved_cs_client */;

--
-- Dumping data for table `wishlist`
--

LOCK TABLES `wishlist` WRITE;
/*!40000 ALTER TABLE `wishlist` DISABLE KEYS */;
INSERT INTO `wishlist` VALUES (16,1,232),(17,1,1),(19,1,10),(20,1,208);
/*!40000 ALTER TABLE `wishlist` ENABLE KEYS */;
UNLOCK TABLES;
/*!40103 SET TIME_ZONE=@OLD_TIME_ZONE */;

/*!40101 SET SQL_MODE=@OLD_SQL_MODE */;
/*!40014 SET FOREIGN_KEY_CHECKS=@OLD_FOREIGN_KEY_CHECKS */;
/*!40014 SET UNIQUE_CHECKS=@OLD_UNIQUE_CHECKS */;
/*!40101 SET CHARACTER_SET_CLIENT=@OLD_CHARACTER_SET_CLIENT */;
/*!40101 SET CHARACTER_SET_RESULTS=@OLD_CHARACTER_SET_RESULTS */;
/*!40101 SET COLLATION_CONNECTION=@OLD_COLLATION_CONNECTION */;
/*!40111 SET SQL_NOTES=@OLD_SQL_NOTES */;

-- Dump completed on 2020-03-04 21:49:15
